"자치구별(1)","자치구별(2)","연면적별(1)",시점,합계,합계,합계,합계,합계
"자치구별(1)","자치구별(2)","연면적별(1)",시점,단독주택,아파트,연립주택,다세대주택,비거주용건물내
"합계","종로구","20㎡ 이하",2017,481,1217,39,922,65
"합계","종로구","20㎡ 이하",2018,463,1219,40,936,65
"합계","종로구","20㎡ 이하",2019,441,1026,111,975,63
"합계","종로구","20㎡ 이하",2020,423,1245,111,1005,62
"합계","종로구","20㎡ 이하",2021,412,1272,159,1009,64
"합계","종로구","20㎡ ~ 40㎡",2017,2088,1341,316,2909,109
"합계","종로구","20㎡ ~ 40㎡",2018,2010,1338,315,2972,106
"합계","종로구","20㎡ ~ 40㎡",2019,1925,1443,312,3058,103
"합계","종로구","20㎡ ~ 40㎡",2020,1869,1473,312,3104,98
"합계","종로구","20㎡ ~ 40㎡",2021,1784,1549,306,3171,93
"합계","종로구","40㎡ ~ 60㎡",2017,1979,2898,1242,5277,119
"합계","종로구","40㎡ ~ 60㎡",2018,1926,2897,1242,5358,119
"합계","종로구","40㎡ ~ 60㎡",2019,1860,3437,1239,5390,118
"합계","종로구","40㎡ ~ 60㎡",2020,1809,3535,1240,5463,113
"합계","종로구","40㎡ ~ 60㎡",2021,1739,3527,1187,5555,106
"합계","종로구","60㎡ ~ 85㎡",2017,1490,5149,1772,2163,138
"합계","종로구","60㎡ ~ 85㎡",2018,1458,5172,1753,2168,136
"합계","종로구","60㎡ ~ 85㎡",2019,1420,5706,1741,2227,134
"합계","종로구","60㎡ ~ 85㎡",2020,1405,5697,1741,2254,130
"합계","종로구","60㎡ ~ 85㎡",2021,1367,5695,1795,2265,130
"합계","종로구","85㎡ ~ 100㎡",2017,714,731,305,221,80
"합계","종로구","85㎡ ~ 100㎡",2018,706,731,304,221,81
"합계","종로구","85㎡ ~ 100㎡",2019,697,495,285,216,85
"합계","종로구","85㎡ ~ 100㎡",2020,690,495,285,221,87
"합계","종로구","85㎡ ~ 100㎡",2021,686,493,278,222,88
"합계","종로구","100㎡ ~ 130㎡",2017,1275,1925,437,237,136
"합계","종로구","100㎡ ~ 130㎡",2018,1259,1927,436,236,138
"합계","종로구","100㎡ ~ 130㎡",2019,1232,1945,433,230,137
"합계","종로구","100㎡ ~ 130㎡",2020,1212,1986,433,228,137
"합계","종로구","100㎡ ~ 130㎡",2021,1201,1985,430,231,136
"합계","종로구","130㎡ ~ 165㎡",2017,1218,922,633,127,105
"합계","종로구","130㎡ ~ 165㎡",2018,1211,922,633,127,104
"합계","종로구","130㎡ ~ 165㎡",2019,1198,949,634,133,103
"합계","종로구","130㎡ ~ 165㎡",2020,1192,962,634,142,104
"합계","종로구","130㎡ ~ 165㎡",2021,1166,960,634,150,99
"합계","종로구","165㎡ ~ 230㎡",2017,1504,280,543,122,112
"합계","종로구","165㎡ ~ 230㎡",2018,1494,280,541,122,114
"합계","종로구","165㎡ ~ 230㎡",2019,1484,245,538,120,109
"합계","종로구","165㎡ ~ 230㎡",2020,1477,249,538,123,107
"합계","종로구","165㎡ ~ 230㎡",2021,1474,249,535,122,116
"합계","종로구","230㎡ 초과",2017,2171,44,164,-,67
"합계","종로구","230㎡ 초과",2018,2172,44,164,-,69
"합계","종로구","230㎡ 초과",2019,2164,44,166,-,69
"합계","종로구","230㎡ 초과",2020,2182,46,166,-,74
"합계","종로구","230㎡ 초과",2021,2158,45,166,X,76
"합계","중구","20㎡ 이하",2017,200,957,52,947,42
"합계","중구","20㎡ 이하",2018,195,1014,50,958,42
"합계","중구","20㎡ 이하",2019,188,1018,50,988,42
"합계","중구","20㎡ 이하",2020,186,1182,50,1031,39
"합계","중구","20㎡ 이하",2021,179,1408,55,1050,38
"합계","중구","20㎡ ~ 40㎡",2017,1123,5537,173,2000,112
"합계","중구","20㎡ ~ 40㎡",2018,1099,5807,171,2189,112
"합계","중구","20㎡ ~ 40㎡",2019,1063,6883,173,2470,105
"합계","중구","20㎡ ~ 40㎡",2020,1033,6586,172,2598,101
"합계","중구","20㎡ ~ 40㎡",2021,1006,6734,163,2666,100
"합계","중구","40㎡ ~ 60㎡",2017,854,4093,656,2425,121
"합계","중구","40㎡ ~ 60㎡",2018,839,4117,653,2446,119
"합계","중구","40㎡ ~ 60㎡",2019,810,4222,654,2497,115
"합계","중구","40㎡ ~ 60㎡",2020,784,4658,656,2571,120
"합계","중구","40㎡ ~ 60㎡",2021,779,4675,648,2535,119
"합계","중구","60㎡ ~ 85㎡",2017,686,7839,650,960,122
"합계","중구","60㎡ ~ 85㎡",2018,672,8033,652,965,121
"합계","중구","60㎡ ~ 85㎡",2019,642,8205,645,978,117
"합계","중구","60㎡ ~ 85㎡",2020,630,8413,648,987,119
"합계","중구","60㎡ ~ 85㎡",2021,611,8353,619,966,122
"합계","중구","85㎡ ~ 100㎡",2017,404,172,132,49,77
"합계","중구","85㎡ ~ 100㎡",2018,400,174,133,50,77
"합계","중구","85㎡ ~ 100㎡",2019,387,174,133,50,77
"합계","중구","85㎡ ~ 100㎡",2020,385,192,133,49,75
"합계","중구","85㎡ ~ 100㎡",2021,384,189,133,47,71
"합계","중구","100㎡ ~ 130㎡",2017,728,3749,142,78,96
"합계","중구","100㎡ ~ 130㎡",2018,718,3745,142,79,95
"합계","중구","100㎡ ~ 130㎡",2019,700,3793,142,79,90
"합계","중구","100㎡ ~ 130㎡",2020,699,3549,142,81,90
"합계","중구","100㎡ ~ 130㎡",2021,691,3520,136,76,87
"합계","중구","130㎡ ~ 165㎡",2017,716,1097,57,23,98
"합계","중구","130㎡ ~ 165㎡",2018,707,1097,57,23,100
"합계","중구","130㎡ ~ 165㎡",2019,698,1098,57,23,96
"합계","중구","130㎡ ~ 165㎡",2020,699,1092,57,24,97
"합계","중구","130㎡ ~ 165㎡",2021,691,1052,57,21,96
"합계","중구","165㎡ ~ 230㎡",2017,774,357,85,9,109
"합계","중구","165㎡ ~ 230㎡",2018,769,357,85,9,109
"합계","중구","165㎡ ~ 230㎡",2019,752,357,85,10,109
"합계","중구","165㎡ ~ 230㎡",2020,752,357,85,11,111
"합계","중구","165㎡ ~ 230㎡",2021,742,325,84,9,110
"합계","중구","230㎡ 초과",2017,823,73,-,-,114
"합계","중구","230㎡ 초과",2018,810,73,-,-,113
"합계","중구","230㎡ 초과",2019,795,73,-,-,110
"합계","중구","230㎡ 초과",2020,799,73,-,-,117
"합계","중구","230㎡ 초과",2021,782,71,X,X,118
"합계","용산구","20㎡ 이하",2017,502,333,28,1040,41
"합계","용산구","20㎡ 이하",2018,488,344,28,1100,40
"합계","용산구","20㎡ 이하",2019,473,344,28,1177,35
"합계","용산구","20㎡ 이하",2020,460,574,28,1320,33
"합계","용산구","20㎡ 이하",2021,454,844,27,1437,33
"합계","용산구","20㎡ ~ 40㎡",2017,2025,1752,181,4564,124
"합계","용산구","20㎡ ~ 40㎡",2018,1985,1844,210,4888,124
"합계","용산구","20㎡ ~ 40㎡",2019,1933,1844,209,5405,110
"합계","용산구","20㎡ ~ 40㎡",2020,1865,2352,209,6037,111
"합계","용산구","20㎡ ~ 40㎡",2021,1840,2782,201,6704,103
"합계","용산구","40㎡ ~ 60㎡",2017,1859,6889,837,5967,100
"합계","용산구","40㎡ ~ 60㎡",2018,1822,6888,836,6020,102
"합계","용산구","40㎡ ~ 60㎡",2019,1773,7047,835,6038,97
"합계","용산구","40㎡ ~ 60㎡",2020,1733,7162,835,6166,87
"합계","용산구","40㎡ ~ 60㎡",2021,1682,7598,831,6096,88
"합계","용산구","60㎡ ~ 85㎡",2017,1569,10441,1351,3526,119
"합계","용산구","60㎡ ~ 85㎡",2018,1552,10443,1352,3523,121
"합계","용산구","60㎡ ~ 85㎡",2019,1512,10729,1323,3590,115
"합계","용산구","60㎡ ~ 85㎡",2020,1457,10992,1329,3674,109
"합계","용산구","60㎡ ~ 85㎡",2021,1427,10976,1289,3646,105
"합계","용산구","85㎡ ~ 100㎡",2017,833,1642,259,321,54
"합계","용산구","85㎡ ~ 100㎡",2018,826,1639,255,321,54
"합계","용산구","85㎡ ~ 100㎡",2019,808,1440,255,331,58
"합계","용산구","85㎡ ~ 100㎡",2020,793,1440,256,341,59
"합계","용산구","85㎡ ~ 100㎡",2021,775,1407,255,331,58
"합계","용산구","100㎡ ~ 130㎡",2017,1705,6894,343,333,77
"합계","용산구","100㎡ ~ 130㎡",2018,1681,6894,343,329,77
"합계","용산구","100㎡ ~ 130㎡",2019,1641,6714,337,335,81
"합계","용산구","100㎡ ~ 130㎡",2020,1601,6931,336,351,79
"합계","용산구","100㎡ ~ 130㎡",2021,1577,6872,336,343,77
"합계","용산구","130㎡ ~ 165㎡",2017,1879,4151,346,172,87
"합계","용산구","130㎡ ~ 165㎡",2018,1860,4130,346,170,87
"합계","용산구","130㎡ ~ 165㎡",2019,1828,4286,347,166,88
"합계","용산구","130㎡ ~ 165㎡",2020,1766,4264,347,167,85
"합계","용산구","130㎡ ~ 165㎡",2021,1721,4244,346,161,82
"합계","용산구","165㎡ ~ 230㎡",2017,2208,3098,393,65,77
"합계","용산구","165㎡ ~ 230㎡",2018,2193,3097,389,65,77
"합계","용산구","165㎡ ~ 230㎡",2019,2163,3304,389,65,76
"합계","용산구","165㎡ ~ 230㎡",2020,2117,3315,389,68,75
"합계","용산구","165㎡ ~ 230㎡",2021,2069,3265,388,67,76
"합계","용산구","230㎡ 초과",2017,2413,448,247,-,63
"합계","용산구","230㎡ 초과",2018,2385,449,237,-,66
"합계","용산구","230㎡ 초과",2019,2356,473,236,-,69
"합계","용산구","230㎡ 초과",2020,2272,646,240,-,71
"합계","용산구","230㎡ 초과",2021,2171,643,238,X,74
"합계","성동구","20㎡ 이하",2017,146,399,-,1244,23
"합계","성동구","20㎡ 이하",2018,143,633,-,1313,23
"합계","성동구","20㎡ 이하",2019,135,635,-,1376,26
"합계","성동구","20㎡ 이하",2020,134,917,-,1377,26
"합계","성동구","20㎡ 이하",2021,129,917,X,1382,25
"합계","성동구","20㎡ ~ 40㎡",2017,932,7391,31,3043,85
"합계","성동구","20㎡ ~ 40㎡",2018,911,8103,31,3220,84
"합계","성동구","20㎡ ~ 40㎡",2019,875,8248,31,3383,77
"합계","성동구","20㎡ ~ 40㎡",2020,836,8498,31,3402,77
"합계","성동구","20㎡ ~ 40㎡",2021,797,8724,32,3451,71
"합계","성동구","40㎡ ~ 60㎡",2017,789,16327,1122,3672,86
"합계","성동구","40㎡ ~ 60㎡",2018,767,16369,1097,3737,86
"합계","성동구","40㎡ ~ 60㎡",2019,748,17671,1097,3824,84
"합계","성동구","40㎡ ~ 60㎡",2020,721,17671,1085,3871,84
"합계","성동구","40㎡ ~ 60㎡",2021,673,17671,1085,3753,83
"합계","성동구","60㎡ ~ 85㎡",2017,894,27271,768,1368,167
"합계","성동구","60㎡ ~ 85㎡",2018,877,27273,767,1371,164
"합계","성동구","60㎡ ~ 85㎡",2019,869,28602,764,1368,163
"합계","성동구","60㎡ ~ 85㎡",2020,843,28596,746,1363,158
"합계","성동구","60㎡ ~ 85㎡",2021,787,28596,731,1305,151
"합계","성동구","85㎡ ~ 100㎡",2017,549,697,45,73,123
"합계","성동구","85㎡ ~ 100㎡",2018,543,697,45,74,123
"합계","성동구","85㎡ ~ 100㎡",2019,537,697,33,74,125
"합계","성동구","85㎡ ~ 100㎡",2020,523,697,33,74,121
"합계","성동구","85㎡ ~ 100㎡",2021,493,729,33,73,114
"합계","성동구","100㎡ ~ 130㎡",2017,1564,8974,24,48,166
"합계","성동구","100㎡ ~ 130㎡",2018,1559,8974,25,48,165
"합계","성동구","100㎡ ~ 130㎡",2019,1542,9240,25,48,159
"합계","성동구","100㎡ ~ 130㎡",2020,1506,9240,25,49,160
"합계","성동구","100㎡ ~ 130㎡",2021,1417,9240,25,45,152
"합계","성동구","130㎡ ~ 165㎡",2017,2180,1518,48,18,182
"합계","성동구","130㎡ ~ 165㎡",2018,2168,1518,49,18,182
"합계","성동구","130㎡ ~ 165㎡",2019,2139,1556,49,18,179
"합계","성동구","130㎡ ~ 165㎡",2020,2087,1556,49,18,172
"합계","성동구","130㎡ ~ 165㎡",2021,1946,1728,49,18,159
"합계","성동구","165㎡ ~ 230㎡",2017,2476,366,17,-,157
"합계","성동구","165㎡ ~ 230㎡",2018,2463,367,18,-,159
"합계","성동구","165㎡ ~ 230㎡",2019,2444,367,21,-,162
"합계","성동구","165㎡ ~ 230㎡",2020,2392,367,20,-,163
"합계","성동구","165㎡ ~ 230㎡",2021,2247,437,20,X,155
"합계","성동구","230㎡ 초과",2017,1514,42,-,-,107
"합계","성동구","230㎡ 초과",2018,1513,42,-,-,107
"합계","성동구","230㎡ 초과",2019,1493,42,-,-,106
"합계","성동구","230㎡ 초과",2020,1483,42,-,-,111
"합계","성동구","230㎡ 초과",2021,1427,48,X,X,110
"합계","광진구","20㎡ 이하",2017,12,816,20,3130,21
"합계","광진구","20㎡ 이하",2018,14,816,20,3428,19
"합계","광진구","20㎡ 이하",2019,14,1159,21,3863,16
"합계","광진구","20㎡ 이하",2020,11,1191,20,4070,12
"합계","광진구","20㎡ 이하",2021,11,1198,49,4366,11
"합계","광진구","20㎡ ~ 40㎡",2017,177,81,189,9169,39
"합계","광진구","20㎡ ~ 40㎡",2018,176,108,179,10192,39
"합계","광진구","20㎡ ~ 40㎡",2019,173,140,179,11560,39
"합계","광진구","20㎡ ~ 40㎡",2020,156,187,188,12303,31
"합계","광진구","20㎡ ~ 40㎡",2021,152,406,224,12978,31
"합계","광진구","40㎡ ~ 60㎡",2017,342,6183,938,12821,86
"합계","광진구","40㎡ ~ 60㎡",2018,322,6230,924,13076,85
"합계","광진구","40㎡ ~ 60㎡",2019,319,6629,907,13390,85
"합계","광진구","40㎡ ~ 60㎡",2020,294,6597,903,13590,75
"합계","광진구","40㎡ ~ 60㎡",2021,282,6760,903,13965,68
"합계","광진구","60㎡ ~ 85㎡",2017,656,17192,2253,6375,189
"합계","광진구","60㎡ ~ 85㎡",2018,641,17241,2180,6392,188
"합계","광진구","60㎡ ~ 85㎡",2019,618,18008,2147,6407,186
"합계","광진구","60㎡ ~ 85㎡",2020,593,18007,2146,6419,179
"합계","광진구","60㎡ ~ 85㎡",2021,574,18053,2146,6444,177
"합계","광진구","85㎡ ~ 100㎡",2017,467,472,380,255,105
"합계","광진구","85㎡ ~ 100㎡",2018,450,472,380,254,105
"합계","광진구","85㎡ ~ 100㎡",2019,435,472,348,255,101
"합계","광진구","85㎡ ~ 100㎡",2020,408,472,343,254,100
"합계","광진구","85㎡ ~ 100㎡",2021,389,472,343,251,97
"합계","광진구","100㎡ ~ 130㎡",2017,1399,2259,276,160,256
"합계","광진구","100㎡ ~ 130㎡",2018,1366,2260,276,163,252
"합계","광진구","100㎡ ~ 130㎡",2019,1343,2381,273,162,250
"합계","광진구","100㎡ ~ 130㎡",2020,1257,2381,261,162,250
"합계","광진구","100㎡ ~ 130㎡",2021,1231,2382,261,162,244
"합계","광진구","130㎡ ~ 165㎡",2017,2969,2336,134,48,284
"합계","광진구","130㎡ ~ 165㎡",2018,2907,2336,134,48,283
"합계","광진구","130㎡ ~ 165㎡",2019,2860,2338,134,48,292
"합계","광진구","130㎡ ~ 165㎡",2020,2767,2338,134,49,292
"합계","광진구","130㎡ ~ 165㎡",2021,2723,2338,134,49,288
"합계","광진구","165㎡ ~ 230㎡",2017,4820,936,59,12,357
"합계","광진구","165㎡ ~ 230㎡",2018,4744,936,59,12,358
"합계","광진구","165㎡ ~ 230㎡",2019,4691,936,59,12,359
"합계","광진구","165㎡ ~ 230㎡",2020,4573,936,59,11,348
"합계","광진구","165㎡ ~ 230㎡",2021,4520,936,59,11,340
"합계","광진구","230㎡ 초과",2017,5455,26,-,-,162
"합계","광진구","230㎡ 초과",2018,5382,26,-,-,165
"합계","광진구","230㎡ 초과",2019,5333,26,-,-,164
"합계","광진구","230㎡ 초과",2020,5273,26,-,-,166
"합계","광진구","230㎡ 초과",2021,5214,26,X,X,164
"합계","동대문구","20㎡ 이하",2017,390,1699,11,2117,68
"합계","동대문구","20㎡ 이하",2018,312,2134,54,2177,64
"합계","동대문구","20㎡ 이하",2019,288,2626,134,2277,56
"합계","동대문구","20㎡ 이하",2020,258,3000,198,2239,48
"합계","동대문구","20㎡ 이하",2021,239,3885,262,2279,44
"합계","동대문구","20㎡ ~ 40㎡",2017,2280,7389,310,4074,106
"합계","동대문구","20㎡ ~ 40㎡",2018,2157,7590,330,4767,108
"합계","동대문구","20㎡ ~ 40㎡",2019,1988,8058,347,5234,105
"합계","동대문구","20㎡ ~ 40㎡",2020,1680,8186,359,5069,97
"합계","동대문구","20㎡ ~ 40㎡",2021,1561,8281,359,5195,90
"합계","동대문구","40㎡ ~ 60㎡",2017,3143,12899,1313,6380,171
"합계","동대문구","40㎡ ~ 60㎡",2018,3035,13767,1285,6867,168
"합계","동대문구","40㎡ ~ 60㎡",2019,2930,15292,1320,7119,161
"합계","동대문구","40㎡ ~ 60㎡",2020,2362,15417,1274,7116,147
"합계","동대문구","40㎡ ~ 60㎡",2021,2202,15773,1222,7108,137
"합계","동대문구","60㎡ ~ 85㎡",2017,1909,24629,1290,2076,251
"합계","동대문구","60㎡ ~ 85㎡",2018,1850,25350,1187,2063,251
"합계","동대문구","60㎡ ~ 85㎡",2019,1808,26446,1155,1995,251
"합계","동대문구","60㎡ ~ 85㎡",2020,1618,26744,1119,1891,245
"합계","동대문구","60㎡ ~ 85㎡",2021,1542,26889,1120,1814,241
"합계","동대문구","85㎡ ~ 100㎡",2017,813,1383,165,105,153
"합계","동대문구","85㎡ ~ 100㎡",2018,798,1383,162,105,155
"합계","동대문구","85㎡ ~ 100㎡",2019,782,1428,162,103,151
"합계","동대문구","85㎡ ~ 100㎡",2020,726,1420,162,103,147
"합계","동대문구","85㎡ ~ 100㎡",2021,700,1418,162,85,149
"합계","동대문구","100㎡ ~ 130㎡",2017,2255,9225,141,95,271
"합계","동대문구","100㎡ ~ 130㎡",2018,2226,9225,142,95,267
"합계","동대문구","100㎡ ~ 130㎡",2019,2194,9294,141,90,263
"합계","동대문구","100㎡ ~ 130㎡",2020,2011,9329,141,78,263
"합계","동대문구","100㎡ ~ 130㎡",2021,1913,9329,141,73,252
"합계","동대문구","130㎡ ~ 165㎡",2017,3182,807,16,16,270
"합계","동대문구","130㎡ ~ 165㎡",2018,3127,807,16,16,272
"합계","동대문구","130㎡ ~ 165㎡",2019,3095,807,16,13,274
"합계","동대문구","130㎡ ~ 165㎡",2020,2870,807,16,12,261
"합계","동대문구","130㎡ ~ 165㎡",2021,2744,807,16,12,255
"합계","동대문구","165㎡ ~ 230㎡",2017,3405,128,-,-,236
"합계","동대문구","165㎡ ~ 230㎡",2018,3397,128,-,-,234
"합계","동대문구","165㎡ ~ 230㎡",2019,3364,128,-,-,235
"합계","동대문구","165㎡ ~ 230㎡",2020,3154,128,-,-,232
"합계","동대문구","165㎡ ~ 230㎡",2021,3069,128,X,X,225
"합계","동대문구","230㎡ 초과",2017,2577,-,-,-,133
"합계","동대문구","230㎡ 초과",2018,2582,-,-,-,139
"합계","동대문구","230㎡ 초과",2019,2541,-,-,-,140
"합계","동대문구","230㎡ 초과",2020,2441,-,-,-,142
"합계","동대문구","230㎡ 초과",2021,2418,X,X,X,138
"합계","중랑구","20㎡ 이하",2017,20,1043,51,1213,22
"합계","중랑구","20㎡ 이하",2018,19,1043,51,1486,19
"합계","중랑구","20㎡ 이하",2019,16,1314,105,1759,17
"합계","중랑구","20㎡ 이하",2020,16,1785,125,1866,17
"합계","중랑구","20㎡ 이하",2021,15,1841,125,2035,16
"합계","중랑구","20㎡ ~ 40㎡",2017,257,7211,481,8250,39
"합계","중랑구","20㎡ ~ 40㎡",2018,226,7464,478,9615,39
"합계","중랑구","20㎡ ~ 40㎡",2019,209,7788,509,10602,41
"합계","중랑구","20㎡ ~ 40㎡",2020,206,8126,508,11493,39
"합계","중랑구","20㎡ ~ 40㎡",2021,199,8198,504,12555,38
"합계","중랑구","40㎡ ~ 60㎡",2017,762,14089,1770,13467,124
"합계","중랑구","40㎡ ~ 60㎡",2018,717,14227,1732,13945,121
"합계","중랑구","40㎡ ~ 60㎡",2019,695,14319,1740,14592,122
"합계","중랑구","40㎡ ~ 60㎡",2020,675,15104,1780,14923,122
"합계","중랑구","40㎡ ~ 60㎡",2021,642,15298,1777,15316,120
"합계","중랑구","60㎡ ~ 85㎡",2017,1517,22017,1839,3791,226
"합계","중랑구","60㎡ ~ 85㎡",2018,1440,22363,1786,3784,228
"합계","중랑구","60㎡ ~ 85㎡",2019,1372,22363,1741,3797,232
"합계","중랑구","60㎡ ~ 85㎡",2020,1316,23994,1725,3813,224
"합계","중랑구","60㎡ ~ 85㎡",2021,1247,24824,1692,3810,216
"합계","중랑구","85㎡ ~ 100㎡",2017,766,276,310,130,143
"합계","중랑구","85㎡ ~ 100㎡",2018,723,324,287,119,142
"합계","중랑구","85㎡ ~ 100㎡",2019,702,324,250,117,142
"합계","중랑구","85㎡ ~ 100㎡",2020,682,349,236,117,140
"합계","중랑구","85㎡ ~ 100㎡",2021,642,349,236,113,141
"합계","중랑구","100㎡ ~ 130㎡",2017,1780,5578,116,75,307
"합계","중랑구","100㎡ ~ 130㎡",2018,1724,5237,107,69,309
"합계","중랑구","100㎡ ~ 130㎡",2019,1677,5237,85,69,319
"합계","중랑구","100㎡ ~ 130㎡",2020,1642,5324,82,69,321
"합계","중랑구","100㎡ ~ 130㎡",2021,1585,5324,79,68,308
"합계","중랑구","130㎡ ~ 165㎡",2017,4126,769,10,17,272
"합계","중랑구","130㎡ ~ 165㎡",2018,4033,769,10,16,270
"합계","중랑구","130㎡ ~ 165㎡",2019,3959,769,10,16,268
"합계","중랑구","130㎡ ~ 165㎡",2020,3870,769,10,16,265
"합계","중랑구","130㎡ ~ 165㎡",2021,3735,769,10,15,266
"합계","중랑구","165㎡ ~ 230㎡",2017,6968,42,-,6,245
"합계","중랑구","165㎡ ~ 230㎡",2018,6884,42,-,6,249
"합계","중랑구","165㎡ ~ 230㎡",2019,6841,42,-,6,258
"합계","중랑구","165㎡ ~ 230㎡",2020,6731,42,-,6,258
"합계","중랑구","165㎡ ~ 230㎡",2021,6538,42,X,X,249
"합계","중랑구","230㎡ 초과",2017,3473,6,-,-,135
"합계","중랑구","230㎡ 초과",2018,3442,6,-,-,140
"합계","중랑구","230㎡ 초과",2019,3420,6,-,-,147
"합계","중랑구","230㎡ 초과",2020,3422,6,-,-,150
"합계","중랑구","230㎡ 초과",2021,3392,6,X,X,149
"합계","성북구","20㎡ 이하",2017,432,608,50,2267,66
"합계","성북구","20㎡ 이하",2018,391,776,50,2302,64
"합계","성북구","20㎡ 이하",2019,311,1132,50,2451,50
"합계","성북구","20㎡ 이하",2020,296,1123,108,2496,45
"합계","성북구","20㎡ 이하",2021,277,1372,108,2378,44
"합계","성북구","20㎡ ~ 40㎡",2017,3082,6568,320,5634,100
"합계","성북구","20㎡ ~ 40㎡",2018,2865,6591,319,5927,98
"합계","성북구","20㎡ ~ 40㎡",2019,2634,6995,320,6992,95
"합계","성북구","20㎡ ~ 40㎡",2020,2517,7325,447,7495,82
"합계","성북구","20㎡ ~ 40㎡",2021,2368,7452,443,8246,79
"합계","성북구","40㎡ ~ 60㎡",2017,3581,20777,2405,12091,178
"합계","성북구","40㎡ ~ 60㎡",2018,3353,20790,2290,12503,176
"합계","성북구","40㎡ ~ 60㎡",2019,3178,22380,2280,13207,176
"합계","성북구","40㎡ ~ 60㎡",2020,3045,24090,2296,13492,162
"합계","성북구","40㎡ ~ 60㎡",2021,2928,24857,2285,13658,155
"합계","성북구","60㎡ ~ 85㎡",2017,3161,30577,2490,5532,250
"합계","성북구","60㎡ ~ 85㎡",2018,2907,30542,2406,5354,245
"합계","성북구","60㎡ ~ 85㎡",2019,2756,33701,2371,5290,241
"합계","성북구","60㎡ ~ 85㎡",2020,2649,33434,2388,5339,241
"합계","성북구","60㎡ ~ 85㎡",2021,2545,33903,2370,5230,232
"합계","성북구","85㎡ ~ 100㎡",2017,1326,276,313,180,168
"합계","성북구","85㎡ ~ 100㎡",2018,1216,273,300,176,158
"합계","성북구","85㎡ ~ 100㎡",2019,1140,276,292,184,154
"합계","성북구","85㎡ ~ 100㎡",2020,1101,276,292,188,147
"합계","성북구","85㎡ ~ 100㎡",2021,1052,277,292,184,139
"합계","성북구","100㎡ ~ 130㎡",2017,2324,10328,361,139,251
"합계","성북구","100㎡ ~ 130㎡",2018,2221,10328,350,136,248
"합계","성북구","100㎡ ~ 130㎡",2019,2128,10578,350,145,246
"합계","성북구","100㎡ ~ 130㎡",2020,2067,10564,350,158,240
"합계","성북구","100㎡ ~ 130㎡",2021,1976,10714,350,157,239
"합계","성북구","130㎡ ~ 165㎡",2017,3690,2153,194,43,190
"합계","성북구","130㎡ ~ 165㎡",2018,3566,2169,194,32,185
"합계","성북구","130㎡ ~ 165㎡",2019,3459,2110,193,33,185
"합계","성북구","130㎡ ~ 165㎡",2020,3397,2109,193,33,187
"합계","성북구","130㎡ ~ 165㎡",2021,3279,2107,193,33,180
"합계","성북구","165㎡ ~ 230㎡",2017,4306,279,138,16,184
"합계","성북구","165㎡ ~ 230㎡",2018,4185,279,138,16,185
"합계","성북구","165㎡ ~ 230㎡",2019,4086,279,138,13,183
"합계","성북구","165㎡ ~ 230㎡",2020,4004,279,138,12,176
"합계","성북구","165㎡ ~ 230㎡",2021,3867,279,139,14,173
"합계","성북구","230㎡ 초과",2017,3555,5,50,-,128
"합계","성북구","230㎡ 초과",2018,3503,6,50,-,131
"합계","성북구","230㎡ 초과",2019,3464,6,50,-,135
"합계","성북구","230㎡ 초과",2020,3444,6,50,-,140
"합계","성북구","230㎡ 초과",2021,3369,6,50,X,139
"합계","강북구","20㎡ 이하",2017,118,581,211,880,19
"합계","강북구","20㎡ 이하",2018,105,582,211,920,20
"합계","강북구","20㎡ 이하",2019,103,654,210,923,21
"합계","강북구","20㎡ 이하",2020,102,689,210,1052,16
"합계","강북구","20㎡ 이하",2021,94,734,210,1078,16
"합계","강북구","20㎡ ~ 40㎡",2017,1032,7709,307,10168,53
"합계","강북구","20㎡ ~ 40㎡",2018,994,7530,307,10492,53
"합계","강북구","20㎡ ~ 40㎡",2019,987,7736,299,10834,48
"합계","강북구","20㎡ ~ 40㎡",2020,902,7822,324,11051,44
"합계","강북구","20㎡ ~ 40㎡",2021,878,7836,324,11210,39
"합계","강북구","40㎡ ~ 60㎡",2017,2051,7842,1988,20022,99
"합계","강북구","40㎡ ~ 60㎡",2018,2015,7843,1988,20583,96
"합계","강북구","40㎡ ~ 60㎡",2019,1987,8212,1905,21151,94
"합계","강북구","40㎡ ~ 60㎡",2020,1885,8236,1945,21488,87
"합계","강북구","40㎡ ~ 60㎡",2021,1827,8303,1984,21844,88
"합계","강북구","60㎡ ~ 85㎡",2017,2301,13682,1688,5398,185
"합계","강북구","60㎡ ~ 85㎡",2018,2247,13683,1686,5406,185
"합계","강북구","60㎡ ~ 85㎡",2019,2182,14250,1647,5460,184
"합계","강북구","60㎡ ~ 85㎡",2020,2115,14248,1621,5455,183
"합계","강북구","60㎡ ~ 85㎡",2021,2055,14265,1629,5449,172
"합계","강북구","85㎡ ~ 100㎡",2017,856,28,281,134,109
"합계","강북구","85㎡ ~ 100㎡",2018,833,28,282,132,109
"합계","강북구","85㎡ ~ 100㎡",2019,820,104,280,135,103
"합계","강북구","85㎡ ~ 100㎡",2020,798,104,281,140,100
"합계","강북구","85㎡ ~ 100㎡",2021,784,103,281,137,96
"합계","강북구","100㎡ ~ 130㎡",2017,1836,3407,299,120,199
"합계","강북구","100㎡ ~ 130㎡",2018,1818,3407,299,118,202
"합계","강북구","100㎡ ~ 130㎡",2019,1801,3425,296,120,197
"합계","강북구","100㎡ ~ 130㎡",2020,1741,3425,296,122,194
"합계","강북구","100㎡ ~ 130㎡",2021,1718,3425,294,120,185
"합계","강북구","130㎡ ~ 165㎡",2017,3710,188,97,18,150
"합계","강북구","130㎡ ~ 165㎡",2018,3669,188,97,17,148
"합계","강북구","130㎡ ~ 165㎡",2019,3647,188,100,19,149
"합계","강북구","130㎡ ~ 165㎡",2020,3588,188,101,20,146
"합계","강북구","130㎡ ~ 165㎡",2021,3544,188,101,19,143
"합계","강북구","165㎡ ~ 230㎡",2017,4080,11,11,-,163
"합계","강북구","165㎡ ~ 230㎡",2018,4079,11,11,-,164
"합계","강북구","165㎡ ~ 230㎡",2019,4067,11,11,-,166
"합계","강북구","165㎡ ~ 230㎡",2020,4015,11,11,-,163
"합계","강북구","165㎡ ~ 230㎡",2021,3983,11,11,X,162
"합계","강북구","230㎡ 초과",2017,2385,10,-,-,97
"합계","강북구","230㎡ 초과",2018,2425,10,-,-,101
"합계","강북구","230㎡ 초과",2019,2423,10,-,-,108
"합계","강북구","230㎡ 초과",2020,2411,10,-,-,109
"합계","강북구","230㎡ 초과",2021,2378,10,X,X,110
"합계","도봉구","20㎡ 이하",2017,39,420,42,388,10
"합계","도봉구","20㎡ 이하",2018,31,598,42,438,10
"합계","도봉구","20㎡ 이하",2019,29,598,42,465,11
"합계","도봉구","20㎡ 이하",2020,29,598,88,511,8
"합계","도봉구","20㎡ 이하",2021,26,719,88,512,7
"합계","도봉구","20㎡ ~ 40㎡",2017,273,4709,221,7303,16
"합계","도봉구","20㎡ ~ 40㎡",2018,262,4724,220,7720,16
"합계","도봉구","20㎡ ~ 40㎡",2019,260,4743,219,8048,14
"합계","도봉구","20㎡ ~ 40㎡",2020,250,4742,226,8223,15
"합계","도봉구","20㎡ ~ 40㎡",2021,251,4727,245,8433,16
"합계","도봉구","40㎡ ~ 60㎡",2017,486,18624,2004,15348,51
"합계","도봉구","40㎡ ~ 60㎡",2018,462,18640,1991,15593,51
"합계","도봉구","40㎡ ~ 60㎡",2019,454,18898,1977,16026,50
"합계","도봉구","40㎡ ~ 60㎡",2020,441,18936,2006,16400,49
"합계","도봉구","40㎡ ~ 60㎡",2021,428,18997,2039,16831,49
"합계","도봉구","60㎡ ~ 85㎡",2017,966,33810,1463,3284,132
"합계","도봉구","60㎡ ~ 85㎡",2018,946,33829,1438,3288,131
"합계","도봉구","60㎡ ~ 85㎡",2019,927,33927,1411,3348,133
"합계","도봉구","60㎡ ~ 85㎡",2020,894,33966,1352,3386,129
"합계","도봉구","60㎡ ~ 85㎡",2021,852,34071,1356,3413,128
"합계","도봉구","85㎡ ~ 100㎡",2017,512,1114,95,67,84
"합계","도봉구","85㎡ ~ 100㎡",2018,492,1114,77,67,84
"합계","도봉구","85㎡ ~ 100㎡",2019,480,1113,76,67,83
"합계","도봉구","85㎡ ~ 100㎡",2020,468,1114,65,68,85
"합계","도봉구","85㎡ ~ 100㎡",2021,448,1114,65,68,85
"합계","도봉구","100㎡ ~ 130㎡",2017,829,3647,213,28,130
"합계","도봉구","100㎡ ~ 130㎡",2018,809,3647,212,28,130
"합계","도봉구","100㎡ ~ 130㎡",2019,802,3648,210,28,131
"합계","도봉구","100㎡ ~ 130㎡",2020,780,3648,211,28,130
"합계","도봉구","100㎡ ~ 130㎡",2021,751,3648,211,28,124
"합계","도봉구","130㎡ ~ 165㎡",2017,1247,1887,195,-,134
"합계","도봉구","130㎡ ~ 165㎡",2018,1230,1887,194,-,135
"합계","도봉구","130㎡ ~ 165㎡",2019,1223,1887,194,-,137
"합계","도봉구","130㎡ ~ 165㎡",2020,1192,1887,194,-,137
"합계","도봉구","130㎡ ~ 165㎡",2021,1168,1888,195,X,135
"합계","도봉구","165㎡ ~ 230㎡",2017,2814,102,-,-,130
"합계","도봉구","165㎡ ~ 230㎡",2018,2817,102,-,-,130
"합계","도봉구","165㎡ ~ 230㎡",2019,2813,102,-,-,132
"합계","도봉구","165㎡ ~ 230㎡",2020,2745,102,-,-,130
"합계","도봉구","165㎡ ~ 230㎡",2021,2713,102,X,X,129
"합계","도봉구","230㎡ 초과",2017,1848,39,-,-,42
"합계","도봉구","230㎡ 초과",2018,1854,39,-,-,42
"합계","도봉구","230㎡ 초과",2019,1847,39,-,-,43
"합계","도봉구","230㎡ 초과",2020,1835,39,-,-,43
"합계","도봉구","230㎡ 초과",2021,1812,39,X,X,42
"합계","노원구","20㎡ 이하",2017,190,643,165,1810,16
"합계","노원구","20㎡ 이하",2018,183,763,165,1827,16
"합계","노원구","20㎡ 이하",2019,186,874,165,1827,14
"합계","노원구","20㎡ 이하",2020,180,874,165,1840,13
"합계","노원구","20㎡ 이하",2021,172,872,117,1860,13
"합계","노원구","20㎡ ~ 40㎡",2017,1112,31378,340,3643,26
"합계","노원구","20㎡ ~ 40㎡",2018,1054,31376,371,3795,24
"합계","노원구","20㎡ ~ 40㎡",2019,1030,31556,365,3970,27
"합계","노원구","20㎡ ~ 40㎡",2020,1009,31544,369,4081,25
"합계","노원구","20㎡ ~ 40㎡",2021,997,31533,370,4145,25
"합계","노원구","40㎡ ~ 60㎡",2017,828,68331,1112,6214,69
"합계","노원구","40㎡ ~ 60㎡",2018,765,68345,1134,6336,66
"합계","노원구","40㎡ ~ 60㎡",2019,742,68465,1121,6523,63
"합계","노원구","40㎡ ~ 60㎡",2020,732,69186,1133,6629,62
"합계","노원구","40㎡ ~ 60㎡",2021,720,69750,1170,6679,62
"합계","노원구","60㎡ ~ 85㎡",2017,580,47110,1217,2230,97
"합계","노원구","60㎡ ~ 85㎡",2018,533,46805,1166,2226,95
"합계","노원구","60㎡ ~ 85㎡",2019,507,46991,1159,2236,97
"합계","노원구","60㎡ ~ 85㎡",2020,494,47775,1152,2267,96
"합계","노원구","60㎡ ~ 85㎡",2021,487,48282,1160,2274,93
"합계","노원구","85㎡ ~ 100㎡",2017,266,3094,199,81,81
"합계","노원구","85㎡ ~ 100㎡",2018,253,2842,184,81,82
"합계","노원구","85㎡ ~ 100㎡",2019,243,2843,183,82,82
"합계","노원구","85㎡ ~ 100㎡",2020,240,2843,182,81,81
"합계","노원구","85㎡ ~ 100㎡",2021,235,2843,180,81,77
"합계","노원구","100㎡ ~ 130㎡",2017,484,8857,287,41,112
"합계","노원구","100㎡ ~ 130㎡",2018,449,8854,259,41,109
"합계","노원구","100㎡ ~ 130㎡",2019,440,8855,259,40,105
"합계","노원구","100㎡ ~ 130㎡",2020,439,8992,259,41,106
"합계","노원구","100㎡ ~ 130㎡",2021,435,9015,259,41,102
"합계","노원구","130㎡ ~ 165㎡",2017,943,2275,188,6,118
"합계","노원구","130㎡ ~ 165㎡",2018,906,2275,188,6,116
"합계","노원구","130㎡ ~ 165㎡",2019,898,2276,188,6,115
"합계","노원구","130㎡ ~ 165㎡",2020,892,2275,188,9,115
"합계","노원구","130㎡ ~ 165㎡",2021,885,2275,188,9,117
"합계","노원구","165㎡ ~ 230㎡",2017,1319,13,-,-,118
"합계","노원구","165㎡ ~ 230㎡",2018,1293,13,-,-,114
"합계","노원구","165㎡ ~ 230㎡",2019,1287,13,-,-,118
"합계","노원구","165㎡ ~ 230㎡",2020,1271,13,-,-,118
"합계","노원구","165㎡ ~ 230㎡",2021,1264,13,X,X,115
"합계","노원구","230㎡ 초과",2017,1359,-,-,-,73
"합계","노원구","230㎡ 초과",2018,1347,-,-,-,76
"합계","노원구","230㎡ 초과",2019,1347,-,-,-,78
"합계","노원구","230㎡ 초과",2020,1362,-,-,-,80
"합계","노원구","230㎡ 초과",2021,1358,X,X,X,79
"합계","은평구","20㎡ 이하",2017,45,1117,-,1370,22
"합계","은평구","20㎡ 이하",2018,40,1295,-,1409,21
"합계","은평구","20㎡ 이하",2019,29,1292,-,1428,17
"합계","은평구","20㎡ 이하",2020,25,1524,-,1486,17
"합계","은평구","20㎡ 이하",2021,32,1840,X,1592,17
"합계","은평구","20㎡ ~ 40㎡",2017,462,3952,233,20117,50
"합계","은평구","20㎡ ~ 40㎡",2018,437,3920,227,20878,48
"합계","은평구","20㎡ ~ 40㎡",2019,365,4896,224,21350,42
"합계","은평구","20㎡ ~ 40㎡",2020,350,4971,221,21784,37
"합계","은평구","20㎡ ~ 40㎡",2021,341,5475,282,22441,37
"합계","은평구","40㎡ ~ 60㎡",2017,1106,11623,2143,30275,96
"합계","은평구","40㎡ ~ 60㎡",2018,1053,11788,2029,30729,94
"합계","은평구","40㎡ ~ 60㎡",2019,958,13698,1959,30696,86
"합계","은평구","40㎡ ~ 60㎡",2020,929,14625,1927,30950,77
"합계","은평구","40㎡ ~ 60㎡",2021,909,17016,1924,31297,76
"합계","은평구","60㎡ ~ 85㎡",2017,2161,25489,3371,14935,215
"합계","은평구","60㎡ ~ 85㎡",2018,2105,25800,3223,14728,207
"합계","은평구","60㎡ ~ 85㎡",2019,1927,28017,2999,14426,203
"합계","은평구","60㎡ ~ 85㎡",2020,1876,28459,2955,14379,198
"합계","은평구","60㎡ ~ 85㎡",2021,1824,30335,2927,14375,193
"합계","은평구","85㎡ ~ 100㎡",2017,926,365,453,397,127
"합계","은평구","85㎡ ~ 100㎡",2018,886,356,426,374,126
"합계","은평구","85㎡ ~ 100㎡",2019,830,353,405,352,120
"합계","은평구","85㎡ ~ 100㎡",2020,811,353,399,356,118
"합계","은평구","85㎡ ~ 100㎡",2021,777,473,387,352,115
"합계","은평구","100㎡ ~ 130㎡",2017,1497,6284,344,227,236
"합계","은평구","100㎡ ~ 130㎡",2018,1458,6278,342,223,231
"합계","은평구","100㎡ ~ 130㎡",2019,1372,6288,288,213,220
"합계","은평구","100㎡ ~ 130㎡",2020,1342,6338,290,207,216
"합계","은평구","100㎡ ~ 130㎡",2021,1293,6405,285,204,214
"합계","은평구","130㎡ ~ 165㎡",2017,2309,2267,41,35,222
"합계","은평구","130㎡ ~ 165㎡",2018,2208,2267,40,34,221
"합계","은평구","130㎡ ~ 165㎡",2019,2100,2265,32,34,220
"합계","은평구","130㎡ ~ 165㎡",2020,2060,2265,31,31,216
"합계","은평구","130㎡ ~ 165㎡",2021,2006,2265,31,31,216
"합계","은평구","165㎡ ~ 230㎡",2017,3871,902,7,15,239
"합계","은평구","165㎡ ~ 230㎡",2018,3795,902,7,15,235
"합계","은평구","165㎡ ~ 230㎡",2019,3642,902,5,15,226
"합계","은평구","165㎡ ~ 230㎡",2020,3620,902,5,17,223
"합계","은평구","165㎡ ~ 230㎡",2021,3567,902,X,15,216
"합계","은평구","230㎡ 초과",2017,4039,-,-,-,138
"합계","은평구","230㎡ 초과",2018,4018,-,-,-,134
"합계","은평구","230㎡ 초과",2019,3923,-,-,-,137
"합계","은평구","230㎡ 초과",2020,3924,-,-,-,141
"합계","은평구","230㎡ 초과",2021,3878,X,X,X,138
"합계","서대문구","20㎡ 이하",2017,223,601,201,2213,31
"합계","서대문구","20㎡ 이하",2018,180,651,201,2317,31
"합계","서대문구","20㎡ 이하",2019,171,651,201,2386,22
"합계","서대문구","20㎡ 이하",2020,138,879,201,2481,21
"합계","서대문구","20㎡ 이하",2021,130,880,257,2494,22
"합계","서대문구","20㎡ ~ 40㎡",2017,1278,5611,497,6448,65
"합계","서대문구","20㎡ ~ 40㎡",2018,1128,5799,477,6663,64
"합계","서대문구","20㎡ ~ 40㎡",2019,1070,5747,485,6960,63
"합계","서대문구","20㎡ ~ 40㎡",2020,984,6421,511,7086,55
"합계","서대문구","20㎡ ~ 40㎡",2021,936,6281,467,7195,51
"합계","서대문구","40㎡ ~ 60㎡",2017,1190,11777,1490,11487,90
"합계","서대문구","40㎡ ~ 60㎡",2018,1099,12000,1473,11623,89
"합계","서대문구","40㎡ ~ 60㎡",2019,1041,12923,1473,11979,90
"합계","서대문구","40㎡ ~ 60㎡",2020,995,13534,1453,12122,88
"합계","서대문구","40㎡ ~ 60㎡",2021,957,14052,1467,12202,81
"합계","서대문구","60㎡ ~ 85㎡",2017,1248,21591,2462,5643,180
"합계","서대문구","60㎡ ~ 85㎡",2018,1167,21886,2361,5554,176
"합계","서대문구","60㎡ ~ 85㎡",2019,1101,23382,2348,5534,172
"합계","서대문구","60㎡ ~ 85㎡",2020,1076,25037,2346,5589,173
"합계","서대문구","60㎡ ~ 85㎡",2021,1045,25686,2299,5575,165
"합계","서대문구","85㎡ ~ 100㎡",2017,688,361,312,304,94
"합계","서대문구","85㎡ ~ 100㎡",2018,669,361,310,300,92
"합계","서대문구","85㎡ ~ 100㎡",2019,636,362,303,298,92
"합계","서대문구","85㎡ ~ 100㎡",2020,625,542,290,304,91
"합계","서대문구","85㎡ ~ 100㎡",2021,607,542,290,302,87
"합계","서대문구","100㎡ ~ 130㎡",2017,1419,6109,361,244,151
"합계","서대문구","100㎡ ~ 130㎡",2018,1375,6185,354,247,146
"합계","서대문구","100㎡ ~ 130㎡",2019,1328,6286,355,252,144
"합계","서대문구","100㎡ ~ 130㎡",2020,1303,6323,346,248,141
"합계","서대문구","100㎡ ~ 130㎡",2021,1289,6381,346,247,141
"합계","서대문구","130㎡ ~ 165㎡",2017,2346,1059,200,50,123
"합계","서대문구","130㎡ ~ 165㎡",2018,2274,1059,200,49,124
"합계","서대문구","130㎡ ~ 165㎡",2019,2220,1059,202,50,126
"합계","서대문구","130㎡ ~ 165㎡",2020,2150,1059,204,50,125
"합계","서대문구","130㎡ ~ 165㎡",2021,2109,1073,202,49,120
"합계","서대문구","165㎡ ~ 230㎡",2017,2586,263,95,29,149
"합계","서대문구","165㎡ ~ 230㎡",2018,2535,263,94,30,151
"합계","서대문구","165㎡ ~ 230㎡",2019,2490,264,94,30,150
"합계","서대문구","165㎡ ~ 230㎡",2020,2441,264,94,30,151
"합계","서대문구","165㎡ ~ 230㎡",2021,2428,264,94,30,147
"합계","서대문구","230㎡ 초과",2017,2961,73,12,-,83
"합계","서대문구","230㎡ 초과",2018,2951,73,16,-,87
"합계","서대문구","230㎡ 초과",2019,2901,73,16,-,86
"합계","서대문구","230㎡ 초과",2020,2888,73,16,-,88
"합계","서대문구","230㎡ 초과",2021,2855,72,18,X,89
"합계","마포구","20㎡ 이하",2017,252,622,249,4037,25
"합계","마포구","20㎡ 이하",2018,238,720,144,4066,25
"합계","마포구","20㎡ 이하",2019,217,796,144,4146,25
"합계","마포구","20㎡ 이하",2020,211,1155,144,4462,23
"합계","마포구","20㎡ 이하",2021,203,1688,166,4800,19
"합계","마포구","20㎡ ~ 40㎡",2017,1135,8233,266,12257,72
"합계","마포구","20㎡ ~ 40㎡",2018,1069,8243,201,12758,69
"합계","마포구","20㎡ ~ 40㎡",2019,1013,8370,186,13071,73
"합계","마포구","20㎡ ~ 40㎡",2020,956,9065,188,13673,76
"합계","마포구","20㎡ ~ 40㎡",2021,917,9328,183,14204,69
"합계","마포구","40㎡ ~ 60㎡",2017,984,19161,1032,11293,144
"합계","마포구","40㎡ ~ 60㎡",2018,934,19172,1012,11447,150
"합계","마포구","40㎡ ~ 60㎡",2019,868,19712,985,10864,157
"합계","마포구","40㎡ ~ 60㎡",2020,827,20093,964,10982,146
"합계","마포구","40㎡ ~ 60㎡",2021,776,21509,960,10935,145
"합계","마포구","60㎡ ~ 85㎡",2017,938,26405,1318,6200,232
"합계","마포구","60㎡ ~ 85㎡",2018,894,26514,1270,6167,235
"합계","마포구","60㎡ ~ 85㎡",2019,871,27171,1257,5974,237
"합계","마포구","60㎡ ~ 85㎡",2020,854,27836,1260,6000,243
"합계","마포구","60㎡ ~ 85㎡",2021,798,29025,1260,5925,225
"합계","마포구","85㎡ ~ 100㎡",2017,629,697,260,304,137
"합계","마포구","85㎡ ~ 100㎡",2018,607,697,260,300,136
"합계","마포구","85㎡ ~ 100㎡",2019,594,739,256,287,137
"합계","마포구","85㎡ ~ 100㎡",2020,579,697,254,289,140
"합계","마포구","85㎡ ~ 100㎡",2021,550,719,248,276,132
"합계","마포구","100㎡ ~ 130㎡",2017,1375,8792,212,191,262
"합계","마포구","100㎡ ~ 130㎡",2018,1331,8797,212,192,261
"합계","마포구","100㎡ ~ 130㎡",2019,1289,8883,210,170,264
"합계","마포구","100㎡ ~ 130㎡",2020,1258,9016,207,173,263
"합계","마포구","100㎡ ~ 130㎡",2021,1208,9118,199,162,249
"합계","마포구","130㎡ ~ 165㎡",2017,1958,2128,85,53,273
"합계","마포구","130㎡ ~ 165㎡",2018,1887,2128,85,53,271
"합계","마포구","130㎡ ~ 165㎡",2019,1836,2129,84,49,264
"합계","마포구","130㎡ ~ 165㎡",2020,1814,2134,84,49,263
"합계","마포구","130㎡ ~ 165㎡",2021,1744,2138,71,47,243
"합계","마포구","165㎡ ~ 230㎡",2017,2501,284,36,21,286
"합계","마포구","165㎡ ~ 230㎡",2018,2457,284,37,20,288
"합계","마포구","165㎡ ~ 230㎡",2019,2402,284,37,16,285
"합계","마포구","165㎡ ~ 230㎡",2020,2360,284,35,15,293
"합계","마포구","165㎡ ~ 230㎡",2021,2290,284,34,15,278
"합계","마포구","230㎡ 초과",2017,2835,27,6,-,148
"합계","마포구","230㎡ 초과",2018,2808,27,6,-,147
"합계","마포구","230㎡ 초과",2019,2764,27,6,-,149
"합계","마포구","230㎡ 초과",2020,2759,27,6,-,154
"합계","마포구","230㎡ 초과",2021,2685,27,6,X,147
"합계","양천구","20㎡ 이하",2017,26,180,18,670,6
"합계","양천구","20㎡ 이하",2018,25,364,18,742,5
"합계","양천구","20㎡ 이하",2019,17,379,17,744,-
"합계","양천구","20㎡ 이하",2020,12,379,44,790,-
"합계","양천구","20㎡ 이하",2021,11,379,68,853,5
"합계","양천구","20㎡ ~ 40㎡",2017,67,7617,204,14200,24
"합계","양천구","20㎡ ~ 40㎡",2018,48,7615,227,14970,18
"합계","양천구","20㎡ ~ 40㎡",2019,47,8102,227,15663,18
"합계","양천구","20㎡ ~ 40㎡",2020,48,8436,228,16207,20
"합계","양천구","20㎡ ~ 40㎡",2021,46,8529,233,16805,17
"합계","양천구","40㎡ ~ 60㎡",2017,297,20898,1567,16747,84
"합계","양천구","40㎡ ~ 60㎡",2018,261,20898,1532,17000,82
"합계","양천구","40㎡ ~ 60㎡",2019,255,21170,1502,17179,84
"합계","양천구","40㎡ ~ 60㎡",2020,243,22726,1422,17233,85
"합계","양천구","40㎡ ~ 60㎡",2021,239,23183,1380,17371,79
"합계","양천구","60㎡ ~ 85㎡",2017,564,35764,2205,5921,144
"합계","양천구","60㎡ ~ 85㎡",2018,539,35746,2177,5905,140
"합계","양천구","60㎡ ~ 85㎡",2019,521,36406,2129,5907,136
"합계","양천구","60㎡ ~ 85㎡",2020,513,37898,2084,5914,133
"합계","양천구","60㎡ ~ 85㎡",2021,495,38738,2012,5917,126
"합계","양천구","85㎡ ~ 100㎡",2017,330,5405,170,153,110
"합계","양천구","85㎡ ~ 100㎡",2018,309,5404,170,146,105
"합계","양천구","85㎡ ~ 100㎡",2019,298,5416,168,142,104
"합계","양천구","85㎡ ~ 100㎡",2020,288,5415,163,141,102
"합계","양천구","85㎡ ~ 100㎡",2021,282,5415,160,141,101
"합계","양천구","100㎡ ~ 130㎡",2017,699,10814,81,74,159
"합계","양천구","100㎡ ~ 130㎡",2018,676,10814,81,74,161
"합계","양천구","100㎡ ~ 130㎡",2019,650,10830,81,76,159
"합계","양천구","100㎡ ~ 130㎡",2020,636,10850,81,78,161
"합계","양천구","100㎡ ~ 130㎡",2021,626,10949,81,79,155
"합계","양천구","130㎡ ~ 165㎡",2017,1702,4311,17,12,123
"합계","양천구","130㎡ ~ 165㎡",2018,1521,4311,17,11,122
"합계","양천구","130㎡ ~ 165㎡",2019,1478,4315,17,12,127
"합계","양천구","130㎡ ~ 165㎡",2020,1457,4315,17,12,124
"합계","양천구","130㎡ ~ 165㎡",2021,1440,4316,17,12,119
"합계","양천구","165㎡ ~ 230㎡",2017,2490,724,-,7,157
"합계","양천구","165㎡ ~ 230㎡",2018,2444,724,-,7,155
"합계","양천구","165㎡ ~ 230㎡",2019,2397,724,-,7,154
"합계","양천구","165㎡ ~ 230㎡",2020,2359,724,-,7,153
"합계","양천구","165㎡ ~ 230㎡",2021,2339,724,X,7,150
"합계","양천구","230㎡ 초과",2017,2195,45,-,-,72
"합계","양천구","230㎡ 초과",2018,2167,45,-,-,71
"합계","양천구","230㎡ 초과",2019,2155,45,-,-,73
"합계","양천구","230㎡ 초과",2020,2142,45,-,-,77
"합계","양천구","230㎡ 초과",2021,2119,45,X,X,77
"합계","강서구","20㎡ 이하",2017,9,2026,144,2056,10
"합계","강서구","20㎡ 이하",2018,9,2064,144,2176,10
"합계","강서구","20㎡ 이하",2019,9,2572,144,2397,9
"합계","강서구","20㎡ 이하",2020,10,2830,144,2491,7
"합계","강서구","20㎡ 이하",2021,9,3368,144,2797,6
"합계","강서구","20㎡ ~ 40㎡",2017,196,25622,233,19361,36
"합계","강서구","20㎡ ~ 40㎡",2018,187,26158,233,20967,36
"합계","강서구","20㎡ ~ 40㎡",2019,189,26313,269,22647,36
"합계","강서구","20㎡ ~ 40㎡",2020,190,26562,263,24005,34
"합계","강서구","20㎡ ~ 40㎡",2021,184,27160,263,25004,34
"합계","강서구","40㎡ ~ 60㎡",2017,418,29118,2283,26518,58
"합계","강서구","40㎡ ~ 60㎡",2018,406,29305,2225,26776,55
"합계","강서구","40㎡ ~ 60㎡",2019,397,29603,2222,26997,56
"합계","강서구","40㎡ ~ 60㎡",2020,392,29755,2198,26977,55
"합계","강서구","40㎡ ~ 60㎡",2021,380,31258,2191,26961,53
"합계","강서구","60㎡ ~ 85㎡",2017,925,40252,2281,11673,158
"합계","강서구","60㎡ ~ 85㎡",2018,882,40274,2177,11643,158
"합계","강서구","60㎡ ~ 85㎡",2019,858,40569,2043,11635,150
"합계","강서구","60㎡ ~ 85㎡",2020,824,40599,2016,11610,146
"합계","강서구","60㎡ ~ 85㎡",2021,810,41166,1981,11568,141
"합계","강서구","85㎡ ~ 100㎡",2017,533,1241,127,201,117
"합계","강서구","85㎡ ~ 100㎡",2018,517,1236,122,200,116
"합계","강서구","85㎡ ~ 100㎡",2019,490,1241,110,201,117
"합계","강서구","85㎡ ~ 100㎡",2020,471,1243,110,201,120
"합계","강서구","85㎡ ~ 100㎡",2021,462,1243,110,198,117
"합계","강서구","100㎡ ~ 130㎡",2017,874,8732,58,119,212
"합계","강서구","100㎡ ~ 130㎡",2018,861,8732,57,116,211
"합계","강서구","100㎡ ~ 130㎡",2019,845,8732,57,119,205
"합계","강서구","100㎡ ~ 130㎡",2020,824,8732,57,120,204
"합계","강서구","100㎡ ~ 130㎡",2021,803,8724,57,120,204
"합계","강서구","130㎡ ~ 165㎡",2017,1307,3559,5,22,231
"합계","강서구","130㎡ ~ 165㎡",2018,1287,3555,5,22,230
"합계","강서구","130㎡ ~ 165㎡",2019,1253,3559,5,22,230
"합계","강서구","130㎡ ~ 165㎡",2020,1230,3559,5,22,228
"합계","강서구","130㎡ ~ 165㎡",2021,1199,3559,5,22,219
"합계","강서구","165㎡ ~ 230㎡",2017,2783,481,-,-,220
"합계","강서구","165㎡ ~ 230㎡",2018,2728,481,-,-,218
"합계","강서구","165㎡ ~ 230㎡",2019,2665,481,-,-,222
"합계","강서구","165㎡ ~ 230㎡",2020,2617,481,-,-,218
"합계","강서구","165㎡ ~ 230㎡",2021,2569,481,X,X,214
"합계","강서구","230㎡ 초과",2017,3850,6,-,-,118
"합계","강서구","230㎡ 초과",2018,3820,6,-,-,117
"합계","강서구","230㎡ 초과",2019,3750,6,-,-,123
"합계","강서구","230㎡ 초과",2020,3702,6,-,-,124
"합계","강서구","230㎡ 초과",2021,3644,6,X,X,121
"합계","구로구","20㎡ 이하",2017,89,2267,56,935,16
"합계","구로구","20㎡ 이하",2018,85,2455,56,956,16
"합계","구로구","20㎡ 이하",2019,84,2543,59,988,18
"합계","구로구","20㎡ 이하",2020,85,2543,59,1007,17
"합계","구로구","20㎡ 이하",2021,81,2845,60,1015,15
"합계","구로구","20㎡ ~ 40㎡",2017,721,4237,576,7136,46
"합계","구로구","20㎡ ~ 40㎡",2018,688,5177,564,7973,47
"합계","구로구","20㎡ ~ 40㎡",2019,679,6273,608,8714,50
"합계","구로구","20㎡ ~ 40㎡",2020,653,6304,610,9495,48
"합계","구로구","20㎡ ~ 40㎡",2021,637,6441,624,10132,45
"합계","구로구","40㎡ ~ 60㎡",2017,826,23941,3451,13146,87
"합계","구로구","40㎡ ~ 60㎡",2018,812,24497,3454,13713,87
"합계","구로구","40㎡ ~ 60㎡",2019,783,26074,3459,14300,90
"합계","구로구","40㎡ ~ 60㎡",2020,750,26229,3477,14738,88
"합계","구로구","40㎡ ~ 60㎡",2021,741,26215,3558,15122,86
"합계","구로구","60㎡ ~ 85㎡",2017,797,35742,2910,4422,147
"합계","구로구","60㎡ ~ 85㎡",2018,764,35712,2910,4424,147
"합계","구로구","60㎡ ~ 85㎡",2019,754,36777,2870,4426,148
"합계","구로구","60㎡ ~ 85㎡",2020,721,38747,2832,4427,143
"합계","구로구","60㎡ ~ 85㎡",2021,710,38705,2802,4427,143
"합계","구로구","85㎡ ~ 100㎡",2017,522,500,208,103,107
"합계","구로구","85㎡ ~ 100㎡",2018,512,500,208,102,107
"합계","구로구","85㎡ ~ 100㎡",2019,496,501,208,93,105
"합계","구로구","85㎡ ~ 100㎡",2020,480,501,209,93,107
"합계","구로구","85㎡ ~ 100㎡",2021,470,501,211,93,106
"합계","구로구","100㎡ ~ 130㎡",2017,1290,6712,108,79,150
"합계","구로구","100㎡ ~ 130㎡",2018,1268,6712,107,79,147
"합계","구로구","100㎡ ~ 130㎡",2019,1250,6822,107,65,141
"합계","구로구","100㎡ ~ 130㎡",2020,1230,6962,108,67,136
"합계","구로구","100㎡ ~ 130㎡",2021,1213,6961,112,66,134
"합계","구로구","130㎡ ~ 165㎡",2017,2268,1805,20,32,125
"합계","구로구","130㎡ ~ 165㎡",2018,2231,1805,19,32,126
"합계","구로구","130㎡ ~ 165㎡",2019,2207,1805,19,25,129
"합계","구로구","130㎡ ~ 165㎡",2020,2173,1837,21,16,128
"합계","구로구","130㎡ ~ 165㎡",2021,2140,1837,32,16,128
"합계","구로구","165㎡ ~ 230㎡",2017,3275,334,63,31,107
"합계","구로구","165㎡ ~ 230㎡",2018,3256,334,61,31,106
"합계","구로구","165㎡ ~ 230㎡",2019,3217,334,59,11,105
"합계","구로구","165㎡ ~ 230㎡",2020,3156,334,62,9,103
"합계","구로구","165㎡ ~ 230㎡",2021,3125,334,80,12,103
"합계","구로구","230㎡ 초과",2017,2220,-,13,-,62
"합계","구로구","230㎡ 초과",2018,2211,-,13,-,63
"합계","구로구","230㎡ 초과",2019,2222,-,10,-,63
"합계","구로구","230㎡ 초과",2020,2226,-,10,-,69
"합계","구로구","230㎡ 초과",2021,2199,X,16,X,72
"합계","금천구","20㎡ 이하",2017,6,789,-,695,13
"합계","금천구","20㎡ 이하",2018,5,1051,-,970,13
"합계","금천구","20㎡ 이하",2019,5,1051,44,1080,13
"합계","금천구","20㎡ 이하",2020,5,1075,73,1197,8
"합계","금천구","20㎡ 이하",2021,X,1272,73,1276,8
"합계","금천구","20㎡ ~ 40㎡",2017,69,3625,486,6143,18
"합계","금천구","20㎡ ~ 40㎡",2018,61,3637,488,7051,18
"합계","금천구","20㎡ ~ 40㎡",2019,60,3680,501,8089,17
"합계","금천구","20㎡ ~ 40㎡",2020,55,3832,519,8918,18
"합계","금천구","20㎡ ~ 40㎡",2021,54,4010,520,9730,16
"합계","금천구","40㎡ ~ 60㎡",2017,160,8643,2137,8244,43
"합계","금천구","40㎡ ~ 60㎡",2018,141,9413,2085,8695,43
"합계","금천구","40㎡ ~ 60㎡",2019,140,9438,2070,9375,41
"합계","금천구","40㎡ ~ 60㎡",2020,132,9801,2055,9718,37
"합계","금천구","40㎡ ~ 60㎡",2021,129,10412,2089,9968,34
"합계","금천구","60㎡ ~ 85㎡",2017,398,12035,1164,3820,116
"합계","금천구","60㎡ ~ 85㎡",2018,384,12523,1164,3829,115
"합계","금천구","60㎡ ~ 85㎡",2019,368,12531,1165,3861,116
"합계","금천구","60㎡ ~ 85㎡",2020,358,12683,1134,3883,115
"합계","금천구","60㎡ ~ 85㎡",2021,348,13003,1135,3887,112
"합계","금천구","85㎡ ~ 100㎡",2017,270,979,94,74,72
"합계","금천구","85㎡ ~ 100㎡",2018,263,979,94,74,69
"합계","금천구","85㎡ ~ 100㎡",2019,256,981,94,74,67
"합계","금천구","85㎡ ~ 100㎡",2020,247,981,94,74,66
"합계","금천구","85㎡ ~ 100㎡",2021,240,981,94,74,64
"합계","금천구","100㎡ ~ 130㎡",2017,774,3039,36,41,95
"합계","금천구","100㎡ ~ 130㎡",2018,749,3040,36,42,94
"합계","금천구","100㎡ ~ 130㎡",2019,717,3040,36,39,95
"합계","금천구","100㎡ ~ 130㎡",2020,703,3042,36,39,91
"합계","금천구","100㎡ ~ 130㎡",2021,680,3042,36,39,86
"합계","금천구","130㎡ ~ 165㎡",2017,1548,275,-,19,76
"합계","금천구","130㎡ ~ 165㎡",2018,1510,275,-,15,78
"합계","금천구","130㎡ ~ 165㎡",2019,1463,275,-,12,80
"합계","금천구","130㎡ ~ 165㎡",2020,1433,275,-,12,80
"합계","금천구","130㎡ ~ 165㎡",2021,1397,275,X,13,81
"합계","금천구","165㎡ ~ 230㎡",2017,3387,-,-,20,67
"합계","금천구","165㎡ ~ 230㎡",2018,3321,-,-,20,69
"합계","금천구","165㎡ ~ 230㎡",2019,3238,-,-,18,71
"합계","금천구","165㎡ ~ 230㎡",2020,3158,-,-,18,71
"합계","금천구","165㎡ ~ 230㎡",2021,3114,X,X,15,70
"합계","금천구","230㎡ 초과",2017,2798,-,-,-,40
"합계","금천구","230㎡ 초과",2018,2783,-,-,-,42
"합계","금천구","230㎡ 초과",2019,2764,-,-,-,44
"합계","금천구","230㎡ 초과",2020,2716,-,-,-,49
"합계","금천구","230㎡ 초과",2021,2679,X,X,X,50
"합계","영등포구","20㎡ 이하",2017,373,2927,94,1998,48
"합계","영등포구","20㎡ 이하",2018,360,3225,81,2011,48
"합계","영등포구","20㎡ 이하",2019,344,3302,88,2136,46
"합계","영등포구","20㎡ 이하",2020,343,3466,88,2308,45
"합계","영등포구","20㎡ 이하",2021,342,3666,99,2522,45
"합계","영등포구","20㎡ ~ 40㎡",2017,1114,2542,142,4441,75
"합계","영등포구","20㎡ ~ 40㎡",2018,1039,2602,141,5196,71
"합계","영등포구","20㎡ ~ 40㎡",2019,1005,2785,164,5892,68
"합계","영등포구","20㎡ ~ 40㎡",2020,978,3058,163,6507,61
"합계","영등포구","20㎡ ~ 40㎡",2021,948,3473,187,6982,56
"합계","영등포구","40㎡ ~ 60㎡",2017,1001,14805,564,4673,113
"합계","영등포구","40㎡ ~ 60㎡",2018,921,14991,564,4685,108
"합계","영등포구","40㎡ ~ 60㎡",2019,885,15327,550,4797,104
"합계","영등포구","40㎡ ~ 60㎡",2020,870,17358,537,4876,103
"합계","영등포구","40㎡ ~ 60㎡",2021,833,18290,550,4859,105
"합계","영등포구","60㎡ ~ 85㎡",2017,970,31543,555,1602,224
"합계","영등포구","60㎡ ~ 85㎡",2018,901,31780,555,1573,222
"합계","영등포구","60㎡ ~ 85㎡",2019,875,32085,555,1562,222
"합계","영등포구","60㎡ ~ 85㎡",2020,868,33906,554,1572,208
"합계","영등포구","60㎡ ~ 85㎡",2021,847,34900,518,1560,201
"합계","영등포구","85㎡ ~ 100㎡",2017,538,2243,110,88,114
"합계","영등포구","85㎡ ~ 100㎡",2018,507,2243,110,87,110
"합계","영등포구","85㎡ ~ 100㎡",2019,491,2243,110,88,106
"합계","영등포구","85㎡ ~ 100㎡",2020,484,2242,110,85,105
"합계","영등포구","85㎡ ~ 100㎡",2021,474,2242,110,86,99
"합계","영등포구","100㎡ ~ 130㎡",2017,1672,7563,31,88,178
"합계","영등포구","100㎡ ~ 130㎡",2018,1564,7561,31,84,173
"합계","영등포구","100㎡ ~ 130㎡",2019,1535,7789,31,82,176
"합계","영등포구","100㎡ ~ 130㎡",2020,1529,8407,31,86,174
"합계","영등포구","100㎡ ~ 130㎡",2021,1499,8459,31,86,176
"합계","영등포구","130㎡ ~ 165㎡",2017,3064,5550,-,33,173
"합계","영등포구","130㎡ ~ 165㎡",2018,2871,5551,-,33,175
"합계","영등포구","130㎡ ~ 165㎡",2019,2815,5384,-,33,176
"합계","영등포구","130㎡ ~ 165㎡",2020,2781,5490,-,35,176
"합계","영등포구","130㎡ ~ 165㎡",2021,2746,5489,X,35,174
"합계","영등포구","165㎡ ~ 230㎡",2017,4082,905,-,5,144
"합계","영등포구","165㎡ ~ 230㎡",2018,3898,905,-,5,150
"합계","영등포구","165㎡ ~ 230㎡",2019,3855,905,-,5,151
"합계","영등포구","165㎡ ~ 230㎡",2020,3836,904,-,5,157
"합계","영등포구","165㎡ ~ 230㎡",2021,3806,905,X,X,157
"합계","영등포구","230㎡ 초과",2017,2587,126,-,-,123
"합계","영등포구","230㎡ 초과",2018,2583,126,-,-,126
"합계","영등포구","230㎡ 초과",2019,2573,126,-,-,133
"합계","영등포구","230㎡ 초과",2020,2587,126,-,-,143
"합계","영등포구","230㎡ 초과",2021,2559,126,X,X,144
"합계","동작구","20㎡ 이하",2017,173,1227,36,2821,11
"합계","동작구","20㎡ 이하",2018,142,1300,36,2979,11
"합계","동작구","20㎡ 이하",2019,120,1301,36,3080,12
"합계","동작구","20㎡ 이하",2020,113,1306,36,3258,9
"합계","동작구","20㎡ 이하",2021,112,1791,36,3299,8
"합계","동작구","20㎡ ~ 40㎡",2017,869,5129,212,7749,60
"합계","동작구","20㎡ ~ 40㎡",2018,723,5263,263,8102,59
"합계","동작구","20㎡ ~ 40㎡",2019,683,5237,262,8486,58
"합계","동작구","20㎡ ~ 40㎡",2020,655,5396,291,8701,54
"합계","동작구","20㎡ ~ 40㎡",2021,644,5215,290,9119,51
"합계","동작구","40㎡ ~ 60㎡",2017,1102,11450,1620,12443,114
"합계","동작구","40㎡ ~ 60㎡",2018,940,11604,1570,12462,112
"합계","동작구","40㎡ ~ 60㎡",2019,896,12165,1603,12810,110
"합계","동작구","40㎡ ~ 60㎡",2020,870,12369,1555,12962,105
"합계","동작구","40㎡ ~ 60㎡",2021,855,14076,1528,13101,98
"합계","동작구","60㎡ ~ 85㎡",2017,1133,26899,2777,7862,187
"합계","동작구","60㎡ ~ 85㎡",2018,1026,27342,2720,7778,182
"합계","동작구","60㎡ ~ 85㎡",2019,991,28934,2698,7789,175
"합계","동작구","60㎡ ~ 85㎡",2020,970,28789,2821,7792,174
"합계","동작구","60㎡ ~ 85㎡",2021,955,30242,2774,7764,161
"합계","동작구","85㎡ ~ 100㎡",2017,548,494,306,190,125
"합계","동작구","85㎡ ~ 100㎡",2018,516,494,289,183,127
"합계","동작구","85㎡ ~ 100㎡",2019,506,494,288,184,126
"합계","동작구","85㎡ ~ 100㎡",2020,501,494,287,184,127
"합계","동작구","85㎡ ~ 100㎡",2021,483,497,287,183,124
"합계","동작구","100㎡ ~ 130㎡",2017,1486,10208,160,161,182
"합계","동작구","100㎡ ~ 130㎡",2018,1386,10272,151,153,184
"합계","동작구","100㎡ ~ 130㎡",2019,1344,10502,151,152,184
"합계","동작구","100㎡ ~ 130㎡",2020,1326,10339,167,150,181
"합계","동작구","100㎡ ~ 130㎡",2021,1305,10508,166,151,173
"합계","동작구","130㎡ ~ 165㎡",2017,2402,2724,100,44,173
"합계","동작구","130㎡ ~ 165㎡",2018,2300,2724,99,44,177
"합계","동작구","130㎡ ~ 165㎡",2019,2280,2774,99,44,178
"합계","동작구","130㎡ ~ 165㎡",2020,2248,2724,107,44,177
"합계","동작구","130㎡ ~ 165㎡",2021,2216,2724,105,43,172
"합계","동작구","165㎡ ~ 230㎡",2017,3833,171,21,13,147
"합계","동작구","165㎡ ~ 230㎡",2018,3736,171,20,12,146
"합계","동작구","165㎡ ~ 230㎡",2019,3698,171,20,12,153
"합계","동작구","165㎡ ~ 230㎡",2020,3664,171,21,12,155
"합계","동작구","165㎡ ~ 230㎡",2021,3631,171,19,9,152
"합계","동작구","230㎡ 초과",2017,4080,18,-,-,84
"합계","동작구","230㎡ 초과",2018,4120,18,-,-,92
"합계","동작구","230㎡ 초과",2019,4143,18,-,-,104
"합계","동작구","230㎡ 초과",2020,4175,18,-,-,113
"합계","동작구","230㎡ 초과",2021,4161,18,X,X,113
"합계","관악구","20㎡ 이하",2017,137,1966,86,2623,22
"합계","관악구","20㎡ 이하",2018,119,2184,86,2790,22
"합계","관악구","20㎡ 이하",2019,120,2449,86,3053,20
"합계","관악구","20㎡ 이하",2020,116,2265,86,3243,20
"합계","관악구","20㎡ 이하",2021,108,2338,135,3420,20
"합계","관악구","20㎡ ~ 40㎡",2017,1413,9240,314,11848,70
"합계","관악구","20㎡ ~ 40㎡",2018,1202,9323,314,12571,67
"합계","관악구","20㎡ ~ 40㎡",2019,1196,9407,338,13175,67
"합계","관악구","20㎡ ~ 40㎡",2020,1181,9624,338,13555,60
"합계","관악구","20㎡ ~ 40㎡",2021,1171,9771,338,13767,61
"합계","관악구","40㎡ ~ 60㎡",2017,1273,14140,2082,17113,144
"합계","관악구","40㎡ ~ 60㎡",2018,1179,14193,2078,17493,141
"합계","관악구","40㎡ ~ 60㎡",2019,1170,13908,2060,17668,142
"합계","관악구","40㎡ ~ 60㎡",2020,1107,14043,2042,17669,104
"합계","관악구","40㎡ ~ 60㎡",2021,1081,14058,2039,17605,106
"합계","관악구","60㎡ ~ 85㎡",2017,1333,19707,3388,7821,376
"합계","관악구","60㎡ ~ 85㎡",2018,1257,19751,3337,7805,372
"합계","관악구","60㎡ ~ 85㎡",2019,1235,19973,3324,7766,373
"합계","관악구","60㎡ ~ 85㎡",2020,1198,20890,3143,7715,347
"합계","관악구","60㎡ ~ 85㎡",2021,1170,20778,3094,7659,337
"합계","관악구","85㎡ ~ 100㎡",2017,861,626,353,337,236
"합계","관악구","85㎡ ~ 100㎡",2018,825,622,352,334,234
"합계","관악구","85㎡ ~ 100㎡",2019,805,733,351,312,237
"합계","관악구","85㎡ ~ 100㎡",2020,765,622,330,311,227
"합계","관악구","85㎡ ~ 100㎡",2021,740,621,330,301,222
"합계","관악구","100㎡ ~ 130㎡",2017,1790,7255,190,226,372
"합계","관악구","100㎡ ~ 130㎡",2018,1697,7228,190,225,386
"합계","관악구","100㎡ ~ 130㎡",2019,1666,7270,191,219,391
"합계","관악구","100㎡ ~ 130㎡",2020,1630,7358,191,219,385
"합계","관악구","100㎡ ~ 130㎡",2021,1585,7342,190,210,377
"합계","관악구","130㎡ ~ 165㎡",2017,2652,495,74,48,273
"합계","관악구","130㎡ ~ 165㎡",2018,2559,495,74,48,281
"합계","관악구","130㎡ ~ 165㎡",2019,2517,496,77,52,286
"합계","관악구","130㎡ ~ 165㎡",2020,2457,496,77,50,295
"합계","관악구","130㎡ ~ 165㎡",2021,2425,497,77,45,291
"합계","관악구","165㎡ ~ 230㎡",2017,5203,119,11,8,256
"합계","관악구","165㎡ ~ 230㎡",2018,5144,119,11,8,268
"합계","관악구","165㎡ ~ 230㎡",2019,5110,119,11,8,278
"합계","관악구","165㎡ ~ 230㎡",2020,5037,119,11,8,283
"합계","관악구","165㎡ ~ 230㎡",2021,4995,119,11,7,286
"합계","관악구","230㎡ 초과",2017,7534,-,-,-,155
"합계","관악구","230㎡ 초과",2018,7602,-,-,-,162
"합계","관악구","230㎡ 초과",2019,7691,-,-,-,176
"합계","관악구","230㎡ 초과",2020,7758,-,-,-,193
"합계","관악구","230㎡ 초과",2021,7834,X,X,X,222
"합계","서초구","20㎡ 이하",2017,7,289,6,1539,6
"합계","서초구","20㎡ 이하",2018,6,323,6,1611,6
"합계","서초구","20㎡ 이하",2019,6,451,6,1735,7
"합계","서초구","20㎡ 이하",2020,6,744,6,1810,6
"합계","서초구","20㎡ 이하",2021,6,700,6,1856,6
"합계","서초구","20㎡ ~ 40㎡",2017,36,4547,290,8752,21
"합계","서초구","20㎡ ~ 40㎡",2018,32,4644,290,9443,19
"합계","서초구","20㎡ ~ 40㎡",2019,35,4873,297,9978,19
"합계","서초구","20㎡ ~ 40㎡",2020,30,5040,297,10543,17
"합계","서초구","20㎡ ~ 40㎡",2021,29,5124,337,11460,16
"합계","서초구","40㎡ ~ 60㎡",2017,94,14799,879,7822,34
"합계","서초구","40㎡ ~ 60㎡",2018,89,15225,879,8044,33
"합계","서초구","40㎡ ~ 60㎡",2019,85,15600,867,8314,37
"합계","서초구","40㎡ ~ 60㎡",2020,76,16017,848,8246,36
"합계","서초구","40㎡ ~ 60㎡",2021,70,15592,854,8391,30
"합계","서초구","60㎡ ~ 85㎡",2017,216,31214,1690,5225,112
"합계","서초구","60㎡ ~ 85㎡",2018,210,32660,1670,5216,111
"합계","서초구","60㎡ ~ 85㎡",2019,211,32880,1596,5358,109
"합계","서초구","60㎡ ~ 85㎡",2020,159,34037,1540,5180,94
"합계","서초구","60㎡ ~ 85㎡",2021,149,34920,1476,5201,88
"합계","서초구","85㎡ ~ 100㎡",2017,190,3531,338,421,98
"합계","서초구","85㎡ ~ 100㎡",2018,179,3726,322,427,99
"합계","서초구","85㎡ ~ 100㎡",2019,166,3105,312,439,97
"합계","서초구","85㎡ ~ 100㎡",2020,133,3345,280,428,91
"합계","서초구","85㎡ ~ 100㎡",2021,126,3353,275,432,86
"합계","서초구","100㎡ ~ 130㎡",2017,428,15487,654,422,218
"합계","서초구","100㎡ ~ 130㎡",2018,414,15495,644,432,216
"합계","서초구","100㎡ ~ 130㎡",2019,413,14753,625,441,210
"합계","서초구","100㎡ ~ 130㎡",2020,305,14836,612,442,199
"합계","서초구","100㎡ ~ 130㎡",2021,282,15148,612,444,186
"합계","서초구","130㎡ ~ 165㎡",2017,848,13981,626,192,269
"합계","서초구","130㎡ ~ 165㎡",2018,827,14010,621,190,267
"합계","서초구","130㎡ ~ 165㎡",2019,807,13299,640,204,267
"합계","서초구","130㎡ ~ 165㎡",2020,607,13350,621,212,254
"합계","서초구","130㎡ ~ 165㎡",2021,573,13232,613,211,242
"합계","서초구","165㎡ ~ 230㎡",2017,1281,5763,760,63,338
"합계","서초구","165㎡ ~ 230㎡",2018,1274,5763,759,63,337
"합계","서초구","165㎡ ~ 230㎡",2019,1255,5692,748,62,334
"합계","서초구","165㎡ ~ 230㎡",2020,1068,5674,750,70,321
"합계","서초구","165㎡ ~ 230㎡",2021,1039,5772,731,67,305
"합계","서초구","230㎡ 초과",2017,3391,1453,404,-,243
"합계","서초구","230㎡ 초과",2018,3364,1453,401,-,240
"합계","서초구","230㎡ 초과",2019,3353,1453,398,-,240
"합계","서초구","230㎡ 초과",2020,3097,1456,402,-,243
"합계","서초구","230㎡ 초과",2021,3052,1457,382,X,240
"합계","강남구","20㎡ 이하",2017,-,718,94,2676,7
"합계","강남구","20㎡ 이하",2018,-,769,94,2768,7
"합계","강남구","20㎡ 이하",2019,-,854,94,2902,6
"합계","강남구","20㎡ 이하",2020,-,1115,95,3016,6
"합계","강남구","20㎡ 이하",2021,X,1251,82,3027,X
"합계","강남구","20㎡ ~ 40㎡",2017,20,18108,717,13907,20
"합계","강남구","20㎡ ~ 40㎡",2018,18,17703,717,14654,21
"합계","강남구","20㎡ ~ 40㎡",2019,22,17201,776,15529,20
"합계","강남구","20㎡ ~ 40㎡",2020,20,17462,778,15922,19
"합계","강남구","20㎡ ~ 40㎡",2021,19,17521,825,16181,17
"합계","강남구","40㎡ ~ 60㎡",2017,49,24746,1121,8431,34
"합계","강남구","40㎡ ~ 60㎡",2018,46,22493,1121,8591,35
"합계","강남구","40㎡ ~ 60㎡",2019,44,19354,1120,8651,37
"합계","강남구","40㎡ ~ 60㎡",2020,43,19682,1123,8599,34
"합계","강남구","40㎡ ~ 60㎡",2021,34,20417,1072,8470,29
"합계","강남구","60㎡ ~ 85㎡",2017,97,38117,1633,4365,106
"합계","강남구","60㎡ ~ 85㎡",2018,92,38196,1624,4377,105
"합계","강남구","60㎡ ~ 85㎡",2019,90,39288,1439,4381,108
"합계","강남구","60㎡ ~ 85㎡",2020,83,40688,1398,4288,101
"합계","강남구","60㎡ ~ 85㎡",2021,70,42604,1344,4234,95
"합계","강남구","85㎡ ~ 100㎡",2017,142,4548,333,514,127
"합계","강남구","85㎡ ~ 100㎡",2018,138,4343,336,514,127
"합계","강남구","85㎡ ~ 100㎡",2019,137,4712,319,513,126
"합계","강남구","85㎡ ~ 100㎡",2020,125,4722,289,489,120
"합계","강남구","85㎡ ~ 100㎡",2021,116,4564,287,471,109
"합계","강남구","100㎡ ~ 130㎡",2017,244,20276,793,606,264
"합계","강남구","100㎡ ~ 130㎡",2018,232,20282,792,605,262
"합계","강남구","100㎡ ~ 130㎡",2019,226,20763,749,591,269
"합계","강남구","100㎡ ~ 130㎡",2020,207,20909,719,575,251
"합계","강남구","100㎡ ~ 130㎡",2021,191,20917,711,561,227
"합계","강남구","130㎡ ~ 165㎡",2017,659,14408,583,222,310
"합계","강남구","130㎡ ~ 165㎡",2018,642,14346,577,224,312
"합계","강남구","130㎡ ~ 165㎡",2019,622,14242,576,224,304
"합계","강남구","130㎡ ~ 165㎡",2020,577,15084,577,221,297
"합계","강남구","130㎡ ~ 165㎡",2021,532,14796,570,212,279
"합계","강남구","165㎡ ~ 230㎡",2017,1262,5379,644,85,512
"합계","강남구","165㎡ ~ 230㎡",2018,1263,5380,629,84,513
"합계","강남구","165㎡ ~ 230㎡",2019,1231,5330,615,81,512
"합계","강남구","165㎡ ~ 230㎡",2020,1164,5406,616,80,494
"합계","강남구","165㎡ ~ 230㎡",2021,1050,5412,613,76,470
"합계","강남구","230㎡ 초과",2017,4858,906,231,-,407
"합계","강남구","230㎡ 초과",2018,4849,906,231,-,410
"합계","강남구","230㎡ 초과",2019,4821,920,231,-,411
"합계","강남구","230㎡ 초과",2020,4747,955,232,-,415
"합계","강남구","230㎡ 초과",2021,4487,955,231,X,402
"합계","송파구","20㎡ 이하",2017,223,516,252,4105,-
"합계","송파구","20㎡ 이하",2018,73,528,252,4480,-
"합계","송파구","20㎡ 이하",2019,67,528,252,4897,-
"합계","송파구","20㎡ 이하",2020,67,534,252,5196,-
"합계","송파구","20㎡ 이하",2021,66,598,252,5364,6
"합계","송파구","20㎡ ~ 40㎡",2017,543,6374,129,20708,26
"합계","송파구","20㎡ ~ 40㎡",2018,243,7059,130,22367,24
"합계","송파구","20㎡ ~ 40㎡",2019,230,8606,201,23955,22
"합계","송파구","20㎡ ~ 40㎡",2020,223,8683,208,25183,19
"합계","송파구","20㎡ ~ 40㎡",2021,222,9476,215,25940,18
"합계","송파구","40㎡ ~ 60㎡",2017,246,23298,1428,26847,51
"합계","송파구","40㎡ ~ 60㎡",2018,158,23986,1415,26942,49
"합계","송파구","40㎡ ~ 60㎡",2019,154,23866,1458,27389,49
"합계","송파구","40㎡ ~ 60㎡",2020,155,24219,1453,27528,48
"합계","송파구","40㎡ ~ 60㎡",2021,155,25203,1397,27208,42
"합계","송파구","60㎡ ~ 85㎡",2017,223,53735,2428,10163,130
"합계","송파구","60㎡ ~ 85㎡",2018,202,54120,2378,10116,124
"합계","송파구","60㎡ ~ 85㎡",2019,193,58382,2367,10138,126
"합계","송파구","60㎡ ~ 85㎡",2020,188,59370,2366,10140,118
"합계","송파구","60㎡ ~ 85㎡",2021,182,61081,2252,9991,106
"합계","송파구","85㎡ ~ 100㎡",2017,167,4690,185,978,81
"합계","송파구","85㎡ ~ 100㎡",2018,149,4698,183,977,77
"합계","송파구","85㎡ ~ 100㎡",2019,142,5292,183,976,76
"합계","송파구","85㎡ ~ 100㎡",2020,141,5292,183,974,73
"합계","송파구","85㎡ ~ 100㎡",2021,137,5292,178,967,70
"합계","송파구","100㎡ ~ 130㎡",2017,420,15203,291,643,226
"합계","송파구","100㎡ ~ 130㎡",2018,397,15424,261,638,222
"합계","송파구","100㎡ ~ 130㎡",2019,391,16018,260,641,220
"합계","송파구","100㎡ ~ 130㎡",2020,379,16040,260,640,217
"합계","송파구","100㎡ ~ 130㎡",2021,368,16635,248,632,198
"합계","송파구","130㎡ ~ 165㎡",2017,1372,11036,111,121,251
"합계","송파구","130㎡ ~ 165㎡",2018,1301,11036,110,120,248
"합계","송파구","130㎡ ~ 165㎡",2019,1281,10734,110,121,248
"합계","송파구","130㎡ ~ 165㎡",2020,1260,10728,110,119,239
"합계","송파구","130㎡ ~ 165㎡",2021,1244,10834,110,120,231
"합계","송파구","165㎡ ~ 230㎡",2017,2148,2291,52,16,416
"합계","송파구","165㎡ ~ 230㎡",2018,2066,2304,52,16,402
"합계","송파구","165㎡ ~ 230㎡",2019,2044,2303,52,16,391
"합계","송파구","165㎡ ~ 230㎡",2020,1996,2302,52,16,384
"합계","송파구","165㎡ ~ 230㎡",2021,1903,2297,52,16,374
"합계","송파구","230㎡ 초과",2017,3980,71,16,-,478
"합계","송파구","230㎡ 초과",2018,3852,71,16,-,470
"합계","송파구","230㎡ 초과",2019,3753,71,16,-,470
"합계","송파구","230㎡ 초과",2020,3663,71,16,-,469
"합계","송파구","230㎡ 초과",2021,3514,71,16,X,450
"합계","강동구","20㎡ 이하",2017,21,2006,10,2057,5
"합계","강동구","20㎡ 이하",2018,21,2043,44,2353,-
"합계","강동구","20㎡ 이하",2019,16,2740,44,2750,5
"합계","강동구","20㎡ 이하",2020,14,2895,46,2947,-
"합계","강동구","20㎡ 이하",2021,14,3808,46,3111,5
"합계","강동구","20㎡ ~ 40㎡",2017,137,3107,114,9794,25
"합계","강동구","20㎡ ~ 40㎡",2018,129,3333,114,10958,23
"합계","강동구","20㎡ ~ 40㎡",2019,116,3618,114,12635,19
"합계","강동구","20㎡ ~ 40㎡",2020,104,4138,92,13427,17
"합계","강동구","20㎡ ~ 40㎡",2021,100,6015,116,14158,16
"합계","강동구","40㎡ ~ 60㎡",2017,234,18889,810,13276,52
"합계","강동구","40㎡ ~ 60㎡",2018,223,19003,790,13716,51
"합계","강동구","40㎡ ~ 60㎡",2019,218,19922,705,14495,48
"합계","강동구","40㎡ ~ 60㎡",2020,199,25224,716,15081,42
"합계","강동구","40㎡ ~ 60㎡",2021,187,28466,775,15429,39
"합계","강동구","60㎡ ~ 85㎡",2017,334,36311,1766,4742,122
"합계","강동구","60㎡ ~ 85㎡",2018,317,36089,1750,4739,117
"합계","강동구","60㎡ ~ 85㎡",2019,307,36001,1638,4754,112
"합계","강동구","60㎡ ~ 85㎡",2020,296,43258,1624,4754,108
"합계","강동구","60㎡ ~ 85㎡",2021,291,44526,1626,4746,105
"합계","강동구","85㎡ ~ 100㎡",2017,250,4955,258,213,80
"합계","강동구","85㎡ ~ 100㎡",2018,237,4955,221,213,78
"합계","강동구","85㎡ ~ 100㎡",2019,228,1111,157,203,79
"합계","강동구","85㎡ ~ 100㎡",2020,231,1335,133,196,79
"합계","강동구","85㎡ ~ 100㎡",2021,224,1336,133,194,74
"합계","강동구","100㎡ ~ 130㎡",2017,683,7975,201,131,165
"합계","강동구","100㎡ ~ 130㎡",2018,657,8032,201,132,160
"합계","강동구","100㎡ ~ 130㎡",2019,644,7957,155,126,157
"합계","강동구","100㎡ ~ 130㎡",2020,615,8274,153,119,150
"합계","강동구","100㎡ ~ 130㎡",2021,600,8345,153,115,149
"합계","강동구","130㎡ ~ 165㎡",2017,1691,1767,238,31,184
"합계","강동구","130㎡ ~ 165㎡",2018,1627,1765,238,31,187
"합계","강동구","130㎡ ~ 165㎡",2019,1573,1903,199,31,192
"합계","강동구","130㎡ ~ 165㎡",2020,1516,1778,198,31,186
"합계","강동구","130㎡ ~ 165㎡",2021,1476,1778,198,30,186
"합계","강동구","165㎡ ~ 230㎡",2017,3333,211,154,7,292
"합계","강동구","165㎡ ~ 230㎡",2018,3243,211,154,7,292
"합계","강동구","165㎡ ~ 230㎡",2019,3173,211,153,7,300
"합계","강동구","165㎡ ~ 230㎡",2020,3078,215,152,7,290
"합계","강동구","165㎡ ~ 230㎡",2021,2984,215,152,7,277
"합계","강동구","230㎡ 초과",2017,4059,42,-,-,208
"합계","강동구","230㎡ 초과",2018,4013,42,-,-,205
"합계","강동구","230㎡ 초과",2019,3945,42,-,-,211
"합계","강동구","230㎡ 초과",2020,3903,42,-,-,209
"합계","강동구","230㎡ 초과",2021,3796,42,X,X,2