,자치구별(2),시점,연령별(2),남자,여자
0,종로구,2016,20세미만,169,357
1,종로구,2016,20~24세,1214,1759
2,종로구,2016,25~29세,1948,1599
3,종로구,2016,30~34세,1345,1141
4,종로구,2016,35~39세,900,823
5,종로구,2016,40~44세,859,638
6,종로구,2016,45~49세,949,684
7,종로구,2016,50~54세,970,574
8,종로구,2016,55~59세,829,708
9,종로구,2016,60~64세,716,663
10,종로구,2016,65~69세,439,633
11,종로구,2016,70~74세,367,700
12,종로구,2016,75~79세,264,630
13,종로구,2016,80~84세,127,452
14,종로구,2016,85세이상,89,289
15,종로구,2017,20세미만,191,316
16,종로구,2017,20~24세,1138,1854
17,종로구,2017,25~29세,2082,1545
18,종로구,2017,30~34세,1374,1178
19,종로구,2017,35~39세,967,829
20,종로구,2017,40~44세,824,694
21,종로구,2017,45~49세,982,741
22,종로구,2017,50~54세,931,609
23,종로구,2017,55~59세,947,713
24,종로구,2017,60~64세,756,715
25,종로구,2017,65~69세,502,649
26,종로구,2017,70~74세,372,693
27,종로구,2017,75~79세,287,711
28,종로구,2017,80~84세,146,462
29,종로구,2017,85세이상,95,335
30,종로구,2018,20세미만,304,494
31,종로구,2018,20~24세,1761,1980
32,종로구,2018,25~29세,2259,1748
33,종로구,2018,30~34세,1441,1146
34,종로구,2018,35~39세,976,904
35,종로구,2018,40~44세,778,676
36,종로구,2018,45~49세,964,770
37,종로구,2018,50~54세,908,670
38,종로구,2018,55~59세,972,711
39,종로구,2018,60~64세,801,707
40,종로구,2018,65~69세,494,619
41,종로구,2018,70~74세,409,702
42,종로구,2018,75~79세,307,707
43,종로구,2018,80~84세,165,509
44,종로구,2018,85세이상,96,348
45,종로구,2019,20세미만,158,349
46,종로구,2019,20~24세,1236,2044
47,종로구,2019,25~29세,2178,1725
48,종로구,2019,30~34세,1466,1181
49,종로구,2019,35~39세,959,913
50,종로구,2019,40~44세,727,678
51,종로구,2019,45~49세,944,760
52,종로구,2019,50~54세,880,641
53,종로구,2019,55~59세,993,725
54,종로구,2019,60~64세,817,755
55,종로구,2019,65~69세,562,639
56,종로구,2019,70~74세,416,704
57,종로구,2019,75~79세,320,727
58,종로구,2019,80~84세,170,534
59,종로구,2019,85세이상,116,354
60,종로구,2020,20세미만,134,264
61,종로구,2020,20~24세,1209,2122
62,종로구,2020,25~29세,2229,1882
63,종로구,2020,30~34세,1664,1259
64,종로구,2020,35~39세,1043,938
65,종로구,2020,40~44세,774,742
66,종로구,2020,45~49세,983,760
67,종로구,2020,50~54세,958,654
68,종로구,2020,55~59세,1053,691
69,종로구,2020,60~64세,915,812
70,종로구,2020,65~69세,625,712
71,종로구,2020,70~74세,424,732
72,종로구,2020,75~79세,330,778
73,종로구,2020,80~84세,186,563
74,종로구,2020,85세이상,136,411
75,종로구,2021,20세미만,111,217
76,종로구,2021,20~24세,1146,2065
77,종로구,2021,25~29세,2342,2246
78,종로구,2021,30~34세,1791,1414
79,종로구,2021,35~39세,1091,924
80,종로구,2021,40~44세,860,830
81,종로구,2021,45~49세,908,712
82,종로구,2021,50~54세,1022,761
83,종로구,2021,55~59세,1073,684
84,종로구,2021,60~64세,976,888
85,종로구,2021,65~69세,759,787
86,종로구,2021,70~74세,414,746
87,종로구,2021,75~79세,366,767
88,종로구,2021,80~84세,207,604
89,종로구,2021,85세이상,145,452
90,중구,2016,20세미만,172,395
91,중구,2016,20~24세,874,1187
92,중구,2016,25~29세,1328,1193
93,중구,2016,30~34세,1211,929
94,중구,2016,35~39세,886,709
95,중구,2016,40~44세,846,615
96,중구,2016,45~49세,981,594
97,중구,2016,50~54세,840,551
98,중구,2016,55~59세,841,641
99,중구,2016,60~64세,646,626
100,중구,2016,65~69세,456,620
101,중구,2016,70~74세,280,602
102,중구,2016,75~79세,199,650
103,중구,2016,80~84세,106,379
104,중구,2016,85세이상,64,250
105,중구,2017,20세미만,149,350
106,중구,2017,20~24세,795,1302
107,중구,2017,25~29세,1419,1250
108,중구,2017,30~34세,1235,934
109,중구,2017,35~39세,916,770
110,중구,2017,40~44세,785,615
111,중구,2017,45~49세,991,641
112,중구,2017,50~54세,831,536
113,중구,2017,55~59세,841,669
114,중구,2017,60~64세,717,659
115,중구,2017,65~69세,465,632
116,중구,2017,70~74세,279,603
117,중구,2017,75~79세,218,694
118,중구,2017,80~84세,114,405
119,중구,2017,85세이상,71,278
120,중구,2018,20세미만,180,405
121,중구,2018,20~24세,772,1365
122,중구,2018,25~29세,1463,1346
123,중구,2018,30~34세,1274,1027
124,중구,2018,35~39세,985,801
125,중구,2018,40~44세,742,607
126,중구,2018,45~49세,964,625
127,중구,2018,50~54세,812,543
128,중구,2018,55~59세,855,659
129,중구,2018,60~64세,765,678
130,중구,2018,65~69세,486,634
131,중구,2018,70~74세,319,603
132,중구,2018,75~79세,217,681
133,중구,2018,80~84세,140,467
134,중구,2018,85세이상,78,310
135,중구,2019,20세미만,164,325
136,중구,2019,20~24세,807,1444
137,중구,2019,25~29세,1572,1482
138,중구,2019,30~34세,1403,1158
139,중구,2019,35~39세,1046,874
140,중구,2019,40~44세,800,662
141,중구,2019,45~49세,906,648
142,중구,2019,50~54세,889,578
143,중구,2019,55~59세,888,646
144,중구,2019,60~64세,815,752
145,중구,2019,65~69세,546,634
146,중구,2019,70~74세,373,658
147,중구,2019,75~79세,218,678
148,중구,2019,80~84세,158,494
149,중구,2019,85세이상,92,368
150,중구,2020,20세미만,140,295
151,중구,2020,20~24세,794,1456
152,중구,2020,25~29세,1593,1639
153,중구,2020,30~34세,1454,1244
154,중구,2020,35~39세,1079,896
155,중구,2020,40~44세,807,659
156,중구,2020,45~49세,906,621
157,중구,2020,50~54세,945,596
158,중구,2020,55~59세,883,656
159,중구,2020,60~64세,844,785
160,중구,2020,65~69세,654,718
161,중구,2020,70~74세,422,697
162,중구,2020,75~79세,248,649
163,중구,2020,80~84세,163,524
164,중구,2020,85세이상,89,362
165,중구,2021,20세미만,68,200
166,중구,2021,20~24세,703,1529
167,중구,2021,25~29세,1753,2039
168,중구,2021,30~34세,1620,1461
169,중구,2021,35~39세,1186,1001
170,중구,2021,40~44세,863,744
171,중구,2021,45~49세,886,600
172,중구,2021,50~54세,981,628
173,중구,2021,55~59세,921,619
174,중구,2021,60~64세,897,831
175,중구,2021,65~69세,756,811
176,중구,2021,70~74세,457,711
177,중구,2021,75~79세,290,672
178,중구,2021,80~84세,161,601
179,중구,2021,85세이상,112,443
180,용산구,2016,20세미만,69,181
181,용산구,2016,20~24세,494,2097
182,용산구,2016,25~29세,1945,2163
183,용산구,2016,30~34세,2425,1891
184,용산구,2016,35~39세,1746,1445
185,용산구,2016,40~44세,1547,1224
186,용산구,2016,45~49세,1477,1127
187,용산구,2016,50~54세,1222,868
188,용산구,2016,55~59세,1132,970
189,용산구,2016,60~64세,953,985
190,용산구,2016,65~69세,565,919
191,용산구,2016,70~74세,407,1043
192,용산구,2016,75~79세,306,974
193,용산구,2016,80~84세,134,738
194,용산구,2016,85세이상,89,505
195,용산구,2017,20세미만,69,196
196,용산구,2017,20~24세,542,2116
197,용산구,2017,25~29세,2129,2485
198,용산구,2017,30~34세,2631,1989
199,용산구,2017,35~39세,1883,1620
200,용산구,2017,40~44세,1440,1198
201,용산구,2017,45~49세,1547,1195
202,용산구,2017,50~54세,1186,855
203,용산구,2017,55~59세,1183,1012
204,용산구,2017,60~64세,999,985
205,용산구,2017,65~69세,607,928
206,용산구,2017,70~74세,399,985
207,용산구,2017,75~79세,316,1024
208,용산구,2017,80~84세,155,785
209,용산구,2017,85세이상,90,527
210,용산구,2018,20세미만,60,247
211,용산구,2018,20~24세,483,2137
212,용산구,2018,25~29세,2388,2668
213,용산구,2018,30~34세,2717,2096
214,용산구,2018,35~39세,2040,1724
215,용산구,2018,40~44세,1449,1195
216,용산구,2018,45~49세,1516,1204
217,용산구,2018,50~54세,1253,864
218,용산구,2018,55~59세,1188,944
219,용산구,2018,60~64세,1037,1057
220,용산구,2018,65~69세,629,891
221,용산구,2018,70~74세,423,994
222,용산구,2018,75~79세,305,1015
223,용산구,2018,80~84세,186,836
224,용산구,2018,85세이상,120,574
225,용산구,2019,20세미만,60,192
226,용산구,2019,20~24세,517,2119
227,용산구,2019,25~29세,2532,2817
228,용산구,2019,30~34세,2747,2238
229,용산구,2019,35~39세,2158,1801
230,용산구,2019,40~44세,1470,1231
231,용산구,2019,45~49세,1524,1205
232,용산구,2019,50~54세,1240,918
233,용산구,2019,55~59세,1187,917
234,용산구,2019,60~64세,1029,1083
235,용산구,2019,65~69세,671,925
236,용산구,2019,70~74세,448,1012
237,용산구,2019,75~79세,296,1025
238,용산구,2019,80~84세,202,873
239,용산구,2019,85세이상,123,588
240,용산구,2020,20세미만,45,412
241,용산구,2020,20~24세,525,2138
242,용산구,2020,25~29세,2641,3005
243,용산구,2020,30~34세,3051,2499
244,용산구,2020,35~39세,2236,1874
245,용산구,2020,40~44세,1558,1345
246,용산구,2020,45~49세,1454,1175
247,용산구,2020,50~54세,1293,952
248,용산구,2020,55~59세,1208,921
249,용산구,2020,60~64세,1066,1088
250,용산구,2020,65~69세,706,1017
251,용산구,2020,70~74세,459,991
252,용산구,2020,75~79세,280,1054
253,용산구,2020,80~84세,225,881
254,용산구,2020,85세이상,133,649
255,용산구,2021,20세미만,41,99
256,용산구,2021,20~24세,558,2062
257,용산구,2021,25~29세,2864,3532
258,용산구,2021,30~34세,3393,2832
259,용산구,2021,35~39세,2413,2023
260,용산구,2021,40~44세,1655,1451
261,용산구,2021,45~49세,1450,1174
262,용산구,2021,50~54세,1386,1065
263,용산구,2021,55~59세,1234,932
264,용산구,2021,60~64세,1164,1200
265,용산구,2021,65~69세,815,1110
266,용산구,2021,70~74세,482,984
267,용산구,2021,75~79세,296,1039
268,용산구,2021,80~84세,230,887
269,용산구,2021,85세이상,143,756
270,성동구,2016,20세미만,423,455
271,성동구,2016,20~24세,2046,2230
272,성동구,2016,25~29세,3241,2465
273,성동구,2016,30~34세,2576,1824
274,성동구,2016,35~39세,1900,1325
275,성동구,2016,40~44세,1701,1123
276,성동구,2016,45~49세,1772,1061
277,성동구,2016,50~54세,1638,923
278,성동구,2016,55~59세,1431,1117
279,성동구,2016,60~64세,957,1076
280,성동구,2016,65~69세,554,1110
281,성동구,2016,70~74세,400,1113
282,성동구,2016,75~79세,287,1069
283,성동구,2016,80~84세,126,675
284,성동구,2016,85세이상,77,379
285,성동구,2017,20세미만,321,387
286,성동구,2017,20~24세,2052,2415
287,성동구,2017,25~29세,3551,2733
288,성동구,2017,30~34세,2679,1924
289,성동구,2017,35~39세,2091,1469
290,성동구,2017,40~44세,1665,1211
291,성동구,2017,45~49세,1743,1134
292,성동구,2017,50~54세,1619,910
293,성동구,2017,55~59세,1571,1157
294,성동구,2017,60~64세,1093,1216
295,성동구,2017,65~69세,642,1125
296,성동구,2017,70~74세,391,1128
297,성동구,2017,75~79세,317,1159
298,성동구,2017,80~84세,163,717
299,성동구,2017,85세이상,66,418
300,성동구,2018,20세미만,314,444
301,성동구,2018,20~24세,2090,2666
302,성동구,2018,25~29세,3560,2969
303,성동구,2018,30~34세,2725,2027
304,성동구,2018,35~39세,2055,1587
305,성동구,2018,40~44세,1619,1183
306,성동구,2018,45~49세,1751,1216
307,성동구,2018,50~54세,1669,987
308,성동구,2018,55~59세,1540,1204
309,성동구,2018,60~64세,1266,1317
310,성동구,2018,65~69세,671,1160
311,성동구,2018,70~74세,465,1189
312,성동구,2018,75~79세,321,1219
313,성동구,2018,80~84세,187,794
314,성동구,2018,85세이상,76,435
315,성동구,2019,20세미만,240,347
316,성동구,2019,20~24세,2016,2693
317,성동구,2019,25~29세,3696,3182
318,성동구,2019,30~34세,2775,2132
319,성동구,2019,35~39세,2032,1623
320,성동구,2019,40~44세,1566,1186
321,성동구,2019,45~49세,1722,1268
322,성동구,2019,50~54세,1687,983
323,성동구,2019,55~59세,1538,1177
324,성동구,2019,60~64세,1382,1331
325,성동구,2019,65~69세,743,1199
326,성동구,2019,70~74세,473,1242
327,성동구,2019,75~79세,347,1210
328,성동구,2019,80~84세,198,884
329,성동구,2019,85세이상,110,506
330,성동구,2020,20세미만,319,434
331,성동구,2020,20~24세,2035,2815
332,성동구,2020,25~29세,3754,3298
333,성동구,2020,30~34세,2792,2216
334,성동구,2020,35~39세,2081,1628
335,성동구,2020,40~44세,1553,1237
336,성동구,2020,45~49세,1643,1221
337,성동구,2020,50~54세,1680,1027
338,성동구,2020,55~59세,1526,1115
339,성동구,2020,60~64세,1439,1411
340,성동구,2020,65~69세,857,1313
341,성동구,2020,70~74세,499,1249
342,성동구,2020,75~79세,357,1243
343,성동구,2020,80~84세,214,953
344,성동구,2020,85세이상,125,551
345,성동구,2021,20세미만,212,322
346,성동구,2021,20~24세,1917,2802
347,성동구,2021,25~29세,4222,3687
348,성동구,2021,30~34세,3105,2437
349,성동구,2021,35~39세,2193,1635
350,성동구,2021,40~44세,1649,1362
351,성동구,2021,45~49세,1588,1185
352,성동구,2021,50~54세,1709,1113
353,성동구,2021,55~59세,1602,1119
354,성동구,2021,60~64세,1552,1526
355,성동구,2021,65~69세,1027,1437
356,성동구,2021,70~74세,557,1297
357,성동구,2021,75~79세,382,1284
358,성동구,2021,80~84세,255,997
359,성동구,2021,85세이상,157,616
360,광진구,2016,20세미만,334,471
361,광진구,2016,20~24세,2403,3733
362,광진구,2016,25~29세,4884,5045
363,광진구,2016,30~34세,4358,3711
364,광진구,2016,35~39세,2866,2290
365,광진구,2016,40~44세,2320,1583
366,광진구,2016,45~49세,2221,1459
367,광진구,2016,50~54세,1966,1312
368,광진구,2016,55~59세,1692,1600
369,광진구,2016,60~64세,1092,1498
370,광진구,2016,65~69세,731,1208
371,광진구,2016,70~74세,479,1200
372,광진구,2016,75~79세,332,1021
373,광진구,2016,80~84세,160,668
374,광진구,2016,85세이상,89,443
375,광진구,2017,20세미만,349,453
376,광진구,2017,20~24세,2395,3885
377,광진구,2017,25~29세,5132,5203
378,광진구,2017,30~34세,4309,3667
379,광진구,2017,35~39세,2930,2491
380,광진구,2017,40~44세,2277,1659
381,광진구,2017,45~49세,2277,1537
382,광진구,2017,50~54세,1969,1307
383,광진구,2017,55~59세,1786,1619
384,광진구,2017,60~64세,1230,1651
385,광진구,2017,65~69세,813,1286
386,광진구,2017,70~74세,529,1174
387,광진구,2017,75~79세,354,1145
388,광진구,2017,80~84세,194,707
389,광진구,2017,85세이상,86,452
390,광진구,2018,20세미만,308,428
391,광진구,2018,20~24세,2436,4087
392,광진구,2018,25~29세,5498,5700
393,광진구,2018,30~34세,4211,3708
394,광진구,2018,35~39세,2985,2570
395,광진구,2018,40~44세,2139,1579
396,광진구,2018,45~49세,2191,1547
397,광진구,2018,50~54세,1939,1281
398,광진구,2018,55~59세,1844,1646
399,광진구,2018,60~64세,1412,1724
400,광진구,2018,65~69세,823,1351
401,광진구,2018,70~74세,624,1233
402,광진구,2018,75~79세,356,1169
403,광진구,2018,80~84세,198,780
404,광진구,2018,85세이상,93,477
405,광진구,2019,20세미만,212,364
406,광진구,2019,20~24세,2429,4281
407,광진구,2019,25~29세,5864,6075
408,광진구,2019,30~34세,4424,3974
409,광진구,2019,35~39세,2980,2669
410,광진구,2019,40~44세,2130,1637
411,광진구,2019,45~49세,2163,1548
412,광진구,2019,50~54세,2071,1352
413,광진구,2019,55~59세,1932,1612
414,광진구,2019,60~64세,1570,1822
415,광진구,2019,65~69세,885,1401
416,광진구,2019,70~74세,659,1300
417,광진구,2019,75~79세,400,1221
418,광진구,2019,80~84세,211,849
419,광진구,2019,85세이상,105,574
420,광진구,2020,20세미만,221,341
421,광진구,2020,20~24세,2682,4601
422,광진구,2020,25~29세,6256,6993
423,광진구,2020,30~34세,4820,4171
424,광진구,2020,35~39세,2959,2733
425,광진구,2020,40~44세,2187,1781
426,광진구,2020,45~49세,2123,1477
427,광진구,2020,50~54세,2077,1457
428,광진구,2020,55~59세,2023,1553
429,광진구,2020,60~64세,1691,1955
430,광진구,2020,65~69세,1053,1597
431,광진구,2020,70~74세,697,1383
432,광진구,2020,75~79세,436,1252
433,광진구,2020,80~84세,227,857
434,광진구,2020,85세이상,118,580
435,광진구,2021,20세미만,169,296
436,광진구,2021,20~24세,2679,4655
437,광진구,2021,25~29세,6774,7646
438,광진구,2021,30~34세,5314,4618
439,광진구,2021,35~39세,3081,2789
440,광진구,2021,40~44세,2340,1917
441,광진구,2021,45~49세,2098,1456
442,광진구,2021,50~54세,2227,1511
443,광진구,2021,55~59세,2093,1515
444,광진구,2021,60~64세,1885,2084
445,광진구,2021,65~69세,1211,1812
446,광진구,2021,70~74세,719,1465
447,광진구,2021,75~79세,480,1284
448,광진구,2021,80~84세,256,960
449,광진구,2021,85세이상,130,676
450,동대문구,2016,20세미만,745,1034
451,동대문구,2016,20~24세,3915,4679
452,동대문구,2016,25~29세,5165,3410
453,동대문구,2016,30~34세,3210,2121
454,동대문구,2016,35~39세,2195,1505
455,동대문구,2016,40~44세,2039,1111
456,동대문구,2016,45~49세,2009,1143
457,동대문구,2016,50~54세,1983,1144
458,동대문구,2016,55~59세,1821,1497
459,동대문구,2016,60~64세,1427,1559
460,동대문구,2016,65~69세,1027,1618
461,동대문구,2016,70~74세,710,1697
462,동대문구,2016,75~79세,517,1563
463,동대문구,2016,80~84세,231,925
464,동대문구,2016,85세이상,109,541
465,동대문구,2017,20세미만,720,976
466,동대문구,2017,20~24세,3890,5103
467,동대문구,2017,25~29세,5283,3486
468,동대문구,2017,30~34세,3239,2077
469,동대문구,2017,35~39세,2264,1547
470,동대문구,2017,40~44세,1903,1181
471,동대문구,2017,45~49세,2132,1177
472,동대문구,2017,50~54세,1930,1075
473,동대문구,2017,55~59세,1942,1515
474,동대문구,2017,60~64세,1543,1668
475,동대문구,2017,65~69세,1071,1654
476,동대문구,2017,70~74세,736,1696
477,동대문구,2017,75~79세,597,1658
478,동대문구,2017,80~84세,243,1002
479,동대문구,2017,85세이상,145,577
480,동대문구,2018,20세미만,693,1151
481,동대문구,2018,20~24세,3965,5378
482,동대문구,2018,25~29세,5361,3657
483,동대문구,2018,30~34세,3245,2083
484,동대문구,2018,35~39세,2326,1579
485,동대문구,2018,40~44세,1860,1195
486,동대문구,2018,45~49세,2084,1237
487,동대문구,2018,50~54세,1955,1129
488,동대문구,2018,55~59세,1931,1479
489,동대문구,2018,60~64세,1685,1792
490,동대문구,2018,65~69세,1116,1653
491,동대문구,2018,70~74세,787,1739
492,동대문구,2018,75~79세,639,1715
493,동대문구,2018,80~84세,289,1072
494,동대문구,2018,85세이상,162,636
495,동대문구,2019,20세미만,602,941
496,동대문구,2019,20~24세,4460,6199
497,동대문구,2019,25~29세,5708,4063
498,동대문구,2019,30~34세,3202,2149
499,동대문구,2019,35~39세,2313,1582
500,동대문구,2019,40~44세,1808,1223
501,동대문구,2019,45~49세,2059,1230
502,동대문구,2019,50~54세,2010,1109
503,동대문구,2019,55~59세,1992,1450
504,동대문구,2019,60~64세,1734,1884
505,동대문구,2019,65~69세,1249,1672
506,동대문구,2019,70~74세,879,1795
507,동대문구,2019,75~79세,638,1774
508,동대문구,2019,80~84세,335,1204
509,동대문구,2019,85세이상,187,701
510,동대문구,2020,20세미만,589,938
511,동대문구,2020,20~24세,4150,6417
512,동대문구,2020,25~29세,6018,4621
513,동대문구,2020,30~34세,3489,2512
514,동대문구,2020,35~39세,2429,1629
515,동대문구,2020,40~44세,1918,1304
516,동대문구,2020,45~49세,2082,1234
517,동대문구,2020,50~54세,2067,1132
518,동대문구,2020,55~59세,2011,1406
519,동대문구,2020,60~64세,1942,1965
520,동대문구,2020,65~69세,1377,1832
521,동대문구,2020,70~74세,945,1867
522,동대문구,2020,75~79세,652,1773
523,동대문구,2020,80~84세,352,1278
524,동대문구,2020,85세이상,218,778
525,동대문구,2021,20세미만,457,741
526,동대문구,2021,20~24세,4323,6941
527,동대문구,2021,25~29세,6683,5441
528,동대문구,2021,30~34세,3978,2794
529,동대문구,2021,35~39세,2453,1737
530,동대문구,2021,40~44세,2041,1415
531,동대문구,2021,45~49세,2056,1218
532,동대문구,2021,50~54세,2209,1229
533,동대문구,2021,55~59세,2074,1311
534,동대문구,2021,60~64세,2131,2060
535,동대문구,2021,65~69세,1650,1991
536,동대문구,2021,70~74세,1035,1906
537,동대문구,2021,75~79세,661,1812
538,동대문구,2021,80~84세,422,1405
539,동대문구,2021,85세이상,251,865
540,중랑구,2016,20세미만,92,140
541,중랑구,2016,20~24세,712,1141
542,중랑구,2016,25~29세,1922,2105
543,중랑구,2016,30~34세,2804,1932
544,중랑구,2016,35~39세,2400,1569
545,중랑구,2016,40~44세,2331,1470
546,중랑구,2016,45~49세,2804,1522
547,중랑구,2016,50~54세,2922,1663
548,중랑구,2016,55~59세,2619,2210
549,중랑구,2016,60~64세,1828,2018
550,중랑구,2016,65~69세,1180,1874
551,중랑구,2016,70~74세,727,1832
552,중랑구,2016,75~79세,495,1515
553,중랑구,2016,80~84세,232,963
554,중랑구,2016,85세이상,108,587
555,중랑구,2017,20세미만,88,115
556,중랑구,2017,20~24세,700,1209
557,중랑구,2017,25~29세,2077,2217
558,중랑구,2017,30~34세,2703,1954
559,중랑구,2017,35~39세,2542,1649
560,중랑구,2017,40~44세,2208,1454
561,중랑구,2017,45~49세,2831,1596
562,중랑구,2017,50~54세,2892,1674
563,중랑구,2017,55~59세,2835,2253
564,중랑구,2017,60~64세,2057,2213
565,중랑구,2017,65~69세,1291,1975
566,중랑구,2017,70~74세,789,1866
567,중랑구,2017,75~79세,598,1727
568,중랑구,2017,80~84세,252,1004
569,중랑구,2017,85세이상,137,637
570,중랑구,2018,20세미만,63,104
571,중랑구,2018,20~24세,621,1149
572,중랑구,2018,25~29세,2311,2456
573,중랑구,2018,30~34세,2694,2027
574,중랑구,2018,35~39세,2675,1737
575,중랑구,2018,40~44세,2112,1354
576,중랑구,2018,45~49세,2764,1608
577,중랑구,2018,50~54세,2907,1716
578,중랑구,2018,55~59세,2927,2238
579,중랑구,2018,60~64세,2354,2450
580,중랑구,2018,65~69세,1350,2018
581,중랑구,2018,70~74세,848,1998
582,중랑구,2018,75~79세,634,1850
583,중랑구,2018,80~84세,311,1096
584,중랑구,2018,85세이상,140,695
585,중랑구,2019,20세미만,90,111
586,중랑구,2019,20~24세,702,1342
587,중랑구,2019,25~29세,2667,2937
588,중랑구,2019,30~34세,2908,2218
589,중랑구,2019,35~39세,2639,1769
590,중랑구,2019,40~44세,2051,1380
591,중랑구,2019,45~49세,2663,1583
592,중랑구,2019,50~54세,2944,1701
593,중랑구,2019,55~59세,3134,2266
594,중랑구,2019,60~64세,2506,2708
595,중랑구,2019,65~69세,1544,2143
596,중랑구,2019,70~74세,975,2123
597,중랑구,2019,75~79세,658,1886
598,중랑구,2019,80~84세,343,1248
599,중랑구,2019,85세이상,164,793
600,중랑구,2020,20세미만,82,124
601,중랑구,2020,20~24세,768,1593
602,중랑구,2020,25~29세,3088,3489
603,중랑구,2020,30~34세,3290,2550
604,중랑구,2020,35~39세,2661,1890
605,중랑구,2020,40~44세,2226,1508
606,중랑구,2020,45~49세,2616,1554
607,중랑구,2020,50~54세,3011,1727
608,중랑구,2020,55~59세,3284,2230
609,중랑구,2020,60~64세,2764,2870
610,중랑구,2020,65~69세,1863,2535
611,중랑구,2020,70~74세,1108,2254
612,중랑구,2020,75~79세,734,1979
613,중랑구,2020,80~84세,386,1331
614,중랑구,2020,85세이상,187,903
615,중랑구,2021,20세미만,67,102
616,중랑구,2021,20~24세,849,1716
617,중랑구,2021,25~29세,3267,3973
618,중랑구,2021,30~34세,3574,2891
619,중랑구,2021,35~39세,2806,1947
620,중랑구,2021,40~44세,2373,1648
621,중랑구,2021,45~49세,2455,1603
622,중랑구,2021,50~54세,3103,1814
623,중랑구,2021,55~59세,3354,2181
624,중랑구,2021,60~64세,3107,3102
625,중랑구,2021,65~69세,2167,2834
626,중랑구,2021,70~74세,1222,2356
627,중랑구,2021,75~79세,774,2072
628,중랑구,2021,80~84세,461,1472
629,중랑구,2021,85세이상,233,964
630,성북구,2016,20세미만,587,1093
631,성북구,2016,20~24세,3642,6272
632,성북구,2016,25~29세,4544,3806
633,성북구,2016,30~34세,2862,2234
634,성북구,2016,35~39세,2135,1442
635,성북구,2016,40~44세,1884,1403
636,성북구,2016,45~49세,2046,1353
637,성북구,2016,50~54세,1713,1311
638,성북구,2016,55~59세,1594,1651
639,성북구,2016,60~64세,1232,1791
640,성북구,2016,65~69세,845,1729
641,성북구,2016,70~74세,656,1888
642,성북구,2016,75~79세,481,1755
643,성북구,2016,80~84세,238,1118
644,성북구,2016,85세이상,156,656
645,성북구,2017,20세미만,537,977
646,성북구,2017,20~24세,3590,6225
647,성북구,2017,25~29세,4552,3778
648,성북구,2017,30~34세,2819,2157
649,성북구,2017,35~39세,2086,1574
650,성북구,2017,40~44세,1765,1355
651,성북구,2017,45~49세,2006,1444
652,성북구,2017,50~54세,1658,1247
653,성북구,2017,55~59세,1720,1660
654,성북구,2017,60~64세,1293,1874
655,성북구,2017,65~69세,870,1740
656,성북구,2017,70~74세,672,1874
657,성북구,2017,75~79세,534,1845
658,성북구,2017,80~84세,284,1207
659,성북구,2017,85세이상,174,726
660,성북구,2018,20세미만,510,1106
661,성북구,2018,20~24세,3628,6516
662,성북구,2018,25~29세,4655,3823
663,성북구,2018,30~34세,2758,2119
664,성북구,2018,35~39세,2084,1579
665,성북구,2018,40~44세,1603,1240
666,성북구,2018,45~49세,1966,1502
667,성북구,2018,50~54세,1728,1219
668,성북구,2018,55~59세,1727,1578
669,성북구,2018,60~64세,1441,1984
670,성북구,2018,65~69세,918,1763
671,성북구,2018,70~74세,712,1943
672,성북구,2018,75~79세,539,1894
673,성북구,2018,80~84세,314,1312
674,성북구,2018,85세이상,194,781
675,성북구,2019,20세미만,447,908
676,성북구,2019,20~24세,3753,6855
677,성북구,2019,25~29세,5134,4257
678,성북구,2019,30~34세,2964,2197
679,성북구,2019,35~39세,2179,1631
680,성북구,2019,40~44세,1666,1272
681,성북구,2019,45~49세,1990,1523
682,성북구,2019,50~54세,1854,1271
683,성북구,2019,55~59세,1765,1632
684,성북구,2019,60~64세,1537,2061
685,성북구,2019,65~69세,977,1796
686,성북구,2019,70~74세,746,2033
687,성북구,2019,75~79세,553,1933
688,성북구,2019,80~84세,345,1427
689,성북구,2019,85세이상,221,905
690,성북구,2020,20세미만,640,1291
691,성북구,2020,20~24세,3803,7468
692,성북구,2020,25~29세,5118,4578
693,성북구,2020,30~34세,3275,2388
694,성북구,2020,35~39세,2196,1775
695,성북구,2020,40~44세,1757,1410
696,성북구,2020,45~49세,1928,1482
697,성북구,2020,50~54세,1984,1395
698,성북구,2020,55~59세,1786,1549
699,성북구,2020,60~64세,1693,2223
700,성북구,2020,65~69세,1094,2066
701,성북구,2020,70~74세,779,2103
702,성북구,2020,75~79세,574,2000
703,성북구,2020,80~84세,360,1538
704,성북구,2020,85세이상,242,1015
705,성북구,2021,20세미만,451,945
706,성북구,2021,20~24세,3902,7410
707,성북구,2021,25~29세,5644,5110
708,성북구,2021,30~34세,3635,2738
709,성북구,2021,35~39세,2424,1883
710,성북구,2021,40~44세,1913,1530
711,성북구,2021,45~49세,1919,1520
712,성북구,2021,50~54세,2086,1515
713,성북구,2021,55~59세,1719,1577
714,성북구,2021,60~64세,1853,2356
715,성북구,2021,65~69세,1303,2286
716,성북구,2021,70~74세,830,2160
717,성북구,2021,75~79세,612,2073
718,성북구,2021,80~84세,450,1651
719,성북구,2021,85세이상,277,1213
720,강북구,2016,20세미만,56,143
721,강북구,2016,20~24세,544,1270
722,강북구,2016,25~29세,1550,1569
723,강북구,2016,30~34세,1887,1371
724,강북구,2016,35~39세,1704,1188
725,강북구,2016,40~44세,1669,1135
726,강북구,2016,45~49세,1853,1236
727,강북구,2016,50~54세,1879,1332
728,강북구,2016,55~59세,1765,1783
729,강북구,2016,60~64세,1394,1838
730,강북구,2016,65~69세,1006,1881
731,강북구,2016,70~74세,714,1904
732,강북구,2016,75~79세,473,1606
733,강북구,2016,80~84세,264,987
734,강북구,2016,85세이상,113,554
735,강북구,2017,20세미만,61,262
736,강북구,2017,20~24세,562,1616
737,강북구,2017,25~29세,1731,1787
738,강북구,2017,30~34세,1896,1355
739,강북구,2017,35~39세,1756,1206
740,강북구,2017,40~44세,1642,1147
741,강북구,2017,45~49세,1971,1348
742,강북구,2017,50~54세,1853,1327
743,강북구,2017,55~59세,1935,1873
744,강북구,2017,60~64세,1539,1960
745,강북구,2017,65~69세,1099,1998
746,강북구,2017,70~74세,742,1923
747,강북구,2017,75~79세,584,1835
748,강북구,2017,80~84세,301,1043
749,강북구,2017,85세이상,137,593
750,강북구,2018,20세미만,59,265
751,강북구,2018,20~24세,599,1957
752,강북구,2018,25~29세,1891,2004
753,강북구,2018,30~34세,1877,1348
754,강북구,2018,35~39세,1852,1228
755,강북구,2018,40~44세,1562,1070
756,강북구,2018,45~49세,1991,1361
757,강북구,2018,50~54세,1866,1376
758,강북구,2018,55~59세,1988,1839
759,강북구,2018,60~64세,1745,2140
760,강북구,2018,65~69세,1140,2036
761,강북구,2018,70~74세,794,1999
762,강북구,2018,75~79세,637,1961
763,강북구,2018,80~84세,367,1137
764,강북구,2018,85세이상,140,643
765,강북구,2019,20세미만,71,224
766,강북구,2019,20~24세,696,2120
767,강북구,2019,25~29세,2114,2207
768,강북구,2019,30~34세,1969,1400
769,강북구,2019,35~39세,1827,1201
770,강북구,2019,40~44세,1507,1065
771,강북구,2019,45~49세,1954,1349
772,강북구,2019,50~54세,1964,1431
773,강북구,2019,55~59세,2076,1788
774,강북구,2019,60~64세,1922,2275
775,강북구,2019,65~69세,1270,2067
776,강북구,2019,70~74세,920,2155
777,강북구,2019,75~79세,668,2039
778,강북구,2019,80~84세,388,1261
779,강북구,2019,85세이상,171,692
780,강북구,2020,20세미만,64,224
781,강북구,2020,20~24세,780,2257
782,강북구,2020,25~29세,2339,2555
783,강북구,2020,30~34세,2163,1532
784,강북구,2020,35~39세,1810,1206
785,강북구,2020,40~44세,1710,1078
786,강북구,2020,45~49세,1934,1342
787,강북구,2020,50~54세,2059,1420
788,강북구,2020,55~59세,2181,1818
789,강북구,2020,60~64세,2114,2395
790,강북구,2020,65~69세,1501,2253
791,강북구,2020,70~74세,1001,2273
792,강북구,2020,75~79세,697,2213
793,강북구,2020,80~84세,413,1365
794,강북구,2020,85세이상,192,796
795,강북구,2021,20세미만,64,186
796,강북구,2021,20~24세,825,2326
797,강북구,2021,25~29세,2562,2764
798,강북구,2021,30~34세,2350,1734
799,강북구,2021,35~39세,1889,1210
800,강북구,2021,40~44세,1771,1111
801,강북구,2021,45~49세,1871,1278
802,강북구,2021,50~54세,2244,1511
803,강북구,2021,55~59세,2203,1749
804,강북구,2021,60~64세,2342,2578
805,강북구,2021,65~69세,1729,2443
806,강북구,2021,70~74세,1124,2428
807,강북구,2021,75~79세,738,2236
808,강북구,2021,80~84세,439,1585
809,강북구,2021,85세이상,235,903
810,도봉구,2016,20세미만,65,180
811,도봉구,2016,20~24세,316,1019
812,도봉구,2016,25~29세,904,890
813,도봉구,2016,30~34세,1254,867
814,도봉구,2016,35~39세,1260,878
815,도봉구,2016,40~44세,1327,929
816,도봉구,2016,45~49세,1457,1061
817,도봉구,2016,50~54세,1427,1008
818,도봉구,2016,55~59세,1424,1475
819,도봉구,2016,60~64세,1042,1469
820,도봉구,2016,65~69세,764,1440
821,도봉구,2016,70~74세,560,1429
822,도봉구,2016,75~79세,405,1431
823,도봉구,2016,80~84세,235,997
824,도봉구,2016,85세이상,167,616
825,도봉구,2017,20세미만,51,170
826,도봉구,2017,20~24세,324,1016
827,도봉구,2017,25~29세,956,982
828,도봉구,2017,30~34세,1309,871
829,도봉구,2017,35~39세,1253,892
830,도봉구,2017,40~44세,1255,931
831,도봉구,2017,45~49세,1505,1120
832,도봉구,2017,50~54세,1421,1024
833,도봉구,2017,55~59세,1497,1570
834,도봉구,2017,60~64세,1185,1617
835,도봉구,2017,65~69세,871,1479
836,도봉구,2017,70~74세,579,1463
837,도봉구,2017,75~79세,455,1557
838,도봉구,2017,80~84세,253,1057
839,도봉구,2017,85세이상,179,627
840,도봉구,2018,20세미만,41,153
841,도봉구,2018,20~24세,320,1036
842,도봉구,2018,25~29세,1054,1051
843,도봉구,2018,30~34세,1281,899
844,도봉구,2018,35~39세,1339,937
845,도봉구,2018,40~44세,1166,896
846,도봉구,2018,45~49세,1507,1167
847,도봉구,2018,50~54세,1492,1124
848,도봉구,2018,55~59세,1527,1542
849,도봉구,2018,60~64세,1353,1866
850,도봉구,2018,65~69세,879,1533
851,도봉구,2018,70~74세,663,1543
852,도봉구,2018,75~79세,473,1653
853,도봉구,2018,80~84세,286,1146
854,도봉구,2018,85세이상,205,716
855,도봉구,2019,20세미만,49,110
856,도봉구,2019,20~24세,368,1141
857,도봉구,2019,25~29세,1158,1294
858,도봉구,2019,30~34세,1327,972
859,도봉구,2019,35~39세,1401,970
860,도봉구,2019,40~44세,1169,901
861,도봉구,2019,45~49세,1539,1174
862,도봉구,2019,50~54세,1501,1162
863,도봉구,2019,55~59세,1588,1514
864,도봉구,2019,60~64세,1489,1968
865,도봉구,2019,65~69세,978,1617
866,도봉구,2019,70~74세,725,1670
867,도봉구,2019,75~79세,548,1683
868,도봉구,2019,80~84세,345,1262
869,도봉구,2019,85세이상,211,819
870,도봉구,2020,20세미만,38,158
871,도봉구,2020,20~24세,390,1222
872,도봉구,2020,25~29세,1351,1465
873,도봉구,2020,30~34세,1447,1089
874,도봉구,2020,35~39세,1431,996
875,도봉구,2020,40~44세,1264,953
876,도봉구,2020,45~49세,1519,1113
877,도봉구,2020,50~54세,1578,1236
878,도봉구,2020,55~59세,1613,1580
879,도봉구,2020,60~64세,1656,2079
880,도봉구,2020,65~69세,1140,1817
881,도봉구,2020,70~74세,827,1777
882,도봉구,2020,75~79세,568,1705
883,도봉구,2020,80~84세,380,1368
884,도봉구,2020,85세이상,236,888
885,도봉구,2021,20세미만,40,111
886,도봉구,2021,20~24세,421,1250
887,도봉구,2021,25~29세,1496,1792
888,도봉구,2021,30~34세,1754,1302
889,도봉구,2021,35~39세,1502,1045
890,도봉구,2021,40~44세,1373,1036
891,도봉구,2021,45~49세,1534,1103
892,도봉구,2021,50~54세,1621,1396
893,도봉구,2021,55~59세,1672,1535
894,도봉구,2021,60~64세,1820,2220
895,도봉구,2021,65~69세,1378,2094
896,도봉구,2021,70~74세,879,1889
897,도봉구,2021,75~79세,604,1724
898,도봉구,2021,80~84세,412,1522
899,도봉구,2021,85세이상,283,1045
900,노원구,2016,20세미만,596,650
901,노원구,2016,20~24세,2545,2765
902,노원구,2016,25~29세,2238,1573
903,노원구,2016,30~34세,1991,1370
904,노원구,2016,35~39세,1758,1349
905,노원구,2016,40~44세,1838,1509
906,노원구,2016,45~49세,1795,1521
907,노원구,2016,50~54세,1619,1586
908,노원구,2016,55~59세,1734,2276
909,노원구,2016,60~64세,1406,2518
910,노원구,2016,65~69세,1008,2503
911,노원구,2016,70~74세,818,2589
912,노원구,2016,75~79세,600,2428
913,노원구,2016,80~84세,303,1608
914,노원구,2016,85세이상,178,969
915,노원구,2017,20세미만,486,682
916,노원구,2017,20~24세,2477,3028
917,노원구,2017,25~29세,2406,1696
918,노원구,2017,30~34세,1948,1326
919,노원구,2017,35~39세,1759,1378
920,노원구,2017,40~44세,1687,1419
921,노원구,2017,45~49세,1817,1601
922,노원구,2017,50~54세,1605,1534
923,노원구,2017,55~59세,1809,2297
924,노원구,2017,60~64세,1538,2743
925,노원구,2017,65~69세,1095,2651
926,노원구,2017,70~74세,834,2608
927,노원구,2017,75~79세,733,2681
928,노원구,2017,80~84세,350,1794
929,노원구,2017,85세이상,196,1087
930,노원구,2018,20세미만,364,490
931,노원구,2018,20~24세,2375,3166
932,노원구,2018,25~29세,2644,1868
933,노원구,2018,30~34세,2022,1321
934,노원구,2018,35~39세,1875,1458
935,노원구,2018,40~44세,1615,1400
936,노원구,2018,45~49세,1944,1630
937,노원구,2018,50~54세,1698,1623
938,노원구,2018,55~59세,1797,2310
939,노원구,2018,60~64세,1732,2928
940,노원구,2018,65~69세,1213,2742
941,노원구,2018,70~74세,980,2749
942,노원구,2018,75~79세,767,2751
943,노원구,2018,80~84세,407,1958
944,노원구,2018,85세이상,241,1212
945,노원구,2019,20세미만,304,420
946,노원구,2019,20~24세,2421,3088
947,노원구,2019,25~29세,2825,2023
948,노원구,2019,30~34세,2056,1393
949,노원구,2019,35~39세,1927,1464
950,노원구,2019,40~44세,1625,1360
951,노원구,2019,45~49세,1990,1666
952,노원구,2019,50~54세,1785,1722
953,노원구,2019,55~59세,1819,2246
954,노원구,2019,60~64세,1807,3125
955,노원구,2019,65~69세,1327,2868
956,노원구,2019,70~74세,1068,2980
957,노원구,2019,75~79세,827,2926
958,노원구,2019,80~84세,477,2131
959,노원구,2019,85세이상,298,1397
960,노원구,2020,20세미만,182,408
961,노원구,2020,20~24세,2223,3331
962,노원구,2020,25~29세,2938,2266
963,노원구,2020,30~34세,2293,1607
964,노원구,2020,35~39세,1999,1531
965,노원구,2020,40~44세,1708,1456
966,노원구,2020,45~49세,1991,1709
967,노원구,2020,50~54세,1972,1792
968,노원구,2020,55~59세,1853,2172
969,노원구,2020,60~64세,2028,3241
970,노원구,2020,65~69세,1555,3202
971,노원구,2020,70~74세,1208,3151
972,노원구,2020,75~79세,885,3039
973,노원구,2020,80~84세,529,2250
974,노원구,2020,85세이상,337,1582
975,노원구,2021,20세미만,263,381
976,노원구,2021,20~24세,2429,3254
977,노원구,2021,25~29세,3137,2543
978,노원구,2021,30~34세,2789,1927
979,노원구,2021,35~39세,2122,1681
980,노원구,2021,40~44세,1875,1546
981,노원구,2021,45~49세,1899,1714
982,노원구,2021,50~54세,2110,1873
983,노원구,2021,55~59세,1965,2225
984,노원구,2021,60~64세,2211,3404
985,노원구,2021,65~69세,1841,3603
986,노원구,2021,70~74세,1283,3248
987,노원구,2021,75~79세,914,3113
988,노원구,2021,80~84세,590,2596
989,노원구,2021,85세이상,385,1726
990,은평구,2016,20세미만,82,125
991,은평구,2016,20~24세,613,1160
992,은평구,2016,25~29세,2199,2312
993,은평구,2016,30~34세,2774,2332
994,은평구,2016,35~39세,2349,1878
995,은평구,2016,40~44세,2188,1702
996,은평구,2016,45~49세,2051,1616
997,은평구,2016,50~54세,1853,1492
998,은평구,2016,55~59세,1788,2150
999,은평구,2016,60~64세,1399,2046
1000,은평구,2016,65~69세,951,2098
1001,은평구,2016,70~74세,738,2115
1002,은평구,2016,75~79세,536,1804
1003,은평구,2016,80~84세,248,1131
1004,은평구,2016,85세이상,139,571
1005,은평구,2017,20세미만,90,108
1006,은평구,2017,20~24세,669,1301
1007,은평구,2017,25~29세,2322,2482
1008,은평구,2017,30~34세,2861,2276
1009,은평구,2017,35~39세,2422,1999
1010,은평구,2017,40~44세,2036,1709
1011,은평구,2017,45~49세,2180,1716
1012,은평구,2017,50~54세,1808,1530
1013,은평구,2017,55~59세,1936,2163
1014,은평구,2017,60~64세,1537,2322
1015,은평구,2017,65~69세,1055,2120
1016,은평구,2017,70~74세,737,2169
1017,은평구,2017,75~79세,608,2063
1018,은평구,2017,80~84세,299,1213
1019,은평구,2017,85세이상,167,637
1020,은평구,2018,20세미만,89,146
1021,은평구,2018,20~24세,683,1383
1022,은평구,2018,25~29세,2503,2901
1023,은평구,2018,30~34세,2960,2385
1024,은평구,2018,35~39세,2563,2068
1025,은평구,2018,40~44세,1945,1719
1026,은평구,2018,45~49세,2280,1774
1027,은평구,2018,50~54세,1879,1579
1028,은평구,2018,55~59세,1922,2091
1029,은평구,2018,60~64세,1738,2549
1030,은평구,2018,65~69세,1118,2161
1031,은평구,2018,70~74세,855,2249
1032,은평구,2018,75~79세,642,2101
1033,은평구,2018,80~84세,334,1352
1034,은평구,2018,85세이상,183,736
1035,은평구,2019,20세미만,114,137
1036,은평구,2019,20~24세,802,1737
1037,은평구,2019,25~29세,3007,3603
1038,은평구,2019,30~34세,3091,2617
1039,은평구,2019,35~39세,2637,2264
1040,은평구,2019,40~44세,1978,1701
1041,은평구,2019,45~49세,2327,1857
1042,은평구,2019,50~54세,1996,1606
1043,은평구,2019,55~59세,2003,2109
1044,은평구,2019,60~64세,1820,2735
1045,은평구,2019,65~69세,1213,2319
1046,은평구,2019,70~74세,939,2341
1047,은평구,2019,75~79세,676,2204
1048,은평구,2019,80~84세,383,1521
1049,은평구,2019,85세이상,223,854
1050,은평구,2020,20세미만,85,150
1051,은평구,2020,20~24세,919,2048
1052,은평구,2020,25~29세,3319,4388
1053,은평구,2020,30~34세,3471,3019
1054,은평구,2020,35~39세,2813,2369
1055,은평구,2020,40~44세,2157,1825
1056,은평구,2020,45~49세,2368,1926
1057,은평구,2020,50~54세,2103,1750
1058,은평구,2020,55~59세,2065,2051
1059,은평구,2020,60~64세,2023,2984
1060,은평구,2020,65~69세,1388,2611
1061,은평구,2020,70~74세,1077,2538
1062,은평구,2020,75~79세,724,2330
1063,은평구,2020,80~84세,454,1672
1064,은평구,2020,85세이상,255,971
1065,은평구,2021,20세미만,60,130
1066,은평구,2021,20~24세,948,2169
1067,은평구,2021,25~29세,3641,5131
1068,은평구,2021,30~34세,3847,3453
1069,은평구,2021,35~39세,2896,2467
1070,은평구,2021,40~44세,2270,2024
1071,은평구,2021,45~49세,2301,1927
1072,은평구,2021,50~54세,2321,1918
1073,은평구,2021,55~59세,2117,2081
1074,은평구,2021,60~64세,2203,3150
1075,은평구,2021,65~69세,1659,2920
1076,은평구,2021,70~74세,1105,2662
1077,은평구,2021,75~79세,813,2443
1078,은평구,2021,80~84세,527,1826
1079,은평구,2021,85세이상,306,1132
1080,서대문구,2016,20세미만,283,697
1081,서대문구,2016,20~24세,2627,5303
1082,서대문구,2016,25~29세,3838,3722
1083,서대문구,2016,30~34세,2500,2099
1084,서대문구,2016,35~39세,1732,1395
1085,서대문구,2016,40~44세,1399,1160
1086,서대문구,2016,45~49세,1434,1091
1087,서대문구,2016,50~54세,1327,931
1088,서대문구,2016,55~59세,1129,1208
1089,서대문구,2016,60~64세,900,1304
1090,서대문구,2016,65~69세,645,1283
1091,서대문구,2016,70~74세,441,1371
1092,서대문구,2016,75~79세,387,1422
1093,서대문구,2016,80~84세,176,901
1094,서대문구,2016,85세이상,100,493
1095,서대문구,2017,20세미만,252,545
1096,서대문구,2017,20~24세,2521,5157
1097,서대문구,2017,25~29세,3931,3814
1098,서대문구,2017,30~34세,2451,2017
1099,서대문구,2017,35~39세,1717,1432
1100,서대문구,2017,40~44세,1395,1141
1101,서대문구,2017,45~49세,1401,1195
1102,서대문구,2017,50~54세,1231,933
1103,서대문구,2017,55~59세,1164,1227
1104,서대문구,2017,60~64세,956,1368
1105,서대문구,2017,65~69세,661,1277
1106,서대문구,2017,70~74세,481,1389
1107,서대문구,2017,75~79세,409,1513
1108,서대문구,2017,80~84세,206,994
1109,서대문구,2017,85세이상,115,525
1110,서대문구,2018,20세미만,266,565
1111,서대문구,2018,20~24세,2544,5403
1112,서대문구,2018,25~29세,4213,3835
1113,서대문구,2018,30~34세,2530,2061
1114,서대문구,2018,35~39세,1747,1528
1115,서대문구,2018,40~44세,1381,1131
1116,서대문구,2018,45~49세,1475,1197
1117,서대문구,2018,50~54세,1205,926
1118,서대문구,2018,55~59세,1175,1223
1119,서대문구,2018,60~64세,1026,1519
1120,서대문구,2018,65~69세,712,1283
1121,서대문구,2018,70~74세,518,1432
1122,서대문구,2018,75~79세,408,1466
1123,서대문구,2018,80~84세,237,1080
1124,서대문구,2018,85세이상,116,593
1125,서대문구,2019,20세미만,214,530
1126,서대문구,2019,20~24세,2705,5587
1127,서대문구,2019,25~29세,4319,4166
1128,서대문구,2019,30~34세,2617,2096
1129,서대문구,2019,35~39세,1813,1524
1130,서대문구,2019,40~44세,1342,1138
1131,서대문구,2019,45~49세,1442,1231
1132,서대문구,2019,50~54세,1238,1044
1133,서대문구,2019,55~59세,1225,1219
1134,서대문구,2019,60~64세,1103,1558
1135,서대문구,2019,65~69세,749,1355
1136,서대문구,2019,70~74세,543,1472
1137,서대문구,2019,75~79세,416,1507
1138,서대문구,2019,80~84세,293,1182
1139,서대문구,2019,85세이상,142,679
1140,서대문구,2020,20세미만,231,757
1141,서대문구,2020,20~24세,2730,6215
1142,서대문구,2020,25~29세,4523,4459
1143,서대문구,2020,30~34세,2950,2470
1144,서대문구,2020,35~39세,1908,1679
1145,서대문구,2020,40~44세,1411,1218
1146,서대문구,2020,45~49세,1439,1243
1147,서대문구,2020,50~54세,1369,1096
1148,서대문구,2020,55~59세,1305,1217
1149,서대문구,2020,60~64세,1157,1587
1150,서대문구,2020,65~69세,844,1479
1151,서대문구,2020,70~74세,593,1545
1152,서대문구,2020,75~79세,422,1532
1153,서대문구,2020,80~84세,297,1242
1154,서대문구,2020,85세이상,180,765
1155,서대문구,2021,20세미만,269,588
1156,서대문구,2021,20~24세,2833,6120
1157,서대문구,2021,25~29세,4994,4998
1158,서대문구,2021,30~34세,3174,2736
1159,서대문구,2021,35~39세,2054,1719
1160,서대문구,2021,40~44세,1537,1286
1161,서대문구,2021,45~49세,1471,1190
1162,서대문구,2021,50~54세,1506,1249
1163,서대문구,2021,55~59세,1332,1210
1164,서대문구,2021,60~64세,1268,1646
1165,서대문구,2021,65~69세,997,1645
1166,서대문구,2021,70~74세,620,1575
1167,서대문구,2021,75~79세,446,1571
1168,서대문구,2021,80~84세,337,1354
1169,서대문구,2021,85세이상,223,844
1170,마포구,2016,20세미만,281,356
1171,마포구,2016,20~24세,2285,3713
1172,마포구,2016,25~29세,4714,5194
1173,마포구,2016,30~34세,4624,4373
1174,마포구,2016,35~39세,2978,2862
1175,마포구,2016,40~44세,2323,2131
1176,마포구,2016,45~49세,1890,1560
1177,마포구,2016,50~54세,1372,1161
1178,마포구,2016,55~59세,1153,1312
1179,마포구,2016,60~64세,790,1364
1180,마포구,2016,65~69세,571,1354
1181,마포구,2016,70~74세,428,1412
1182,마포구,2016,75~79세,323,1229
1183,마포구,2016,80~84세,176,875
1184,마포구,2016,85세이상,96,482
1185,마포구,2017,20세미만,244,367
1186,마포구,2017,20~24세,2186,3618
1187,마포구,2017,25~29세,4885,5474
1188,마포구,2017,30~34세,4340,4358
1189,마포구,2017,35~39세,3118,2973
1190,마포구,2017,40~44세,2200,2128
1191,마포구,2017,45~49세,1936,1710
1192,마포구,2017,50~54세,1378,1200
1193,마포구,2017,55~59세,1202,1324
1194,마포구,2017,60~64세,846,1397
1195,마포구,2017,65~69세,605,1373
1196,마포구,2017,70~74세,418,1386
1197,마포구,2017,75~79세,358,1357
1198,마포구,2017,80~84세,211,938
1199,마포구,2017,85세이상,109,523
1200,마포구,2018,20세미만,361,421
1201,마포구,2018,20~24세,2188,3879
1202,마포구,2018,25~29세,5191,6080
1203,마포구,2018,30~34세,4532,4499
1204,마포구,2018,35~39세,3299,3157
1205,마포구,2018,40~44세,2116,2158
1206,마포구,2018,45~49세,1978,1806
1207,마포구,2018,50~54세,1453,1262
1208,마포구,2018,55~59세,1188,1328
1209,마포구,2018,60~64세,876,1475
1210,마포구,2018,65~69세,616,1379
1211,마포구,2018,70~74세,457,1434
1212,마포구,2018,75~79세,390,1414
1213,마포구,2018,80~84세,226,984
1214,마포구,2018,85세이상,121,569
1215,마포구,2019,20세미만,256,298
1216,마포구,2019,20~24세,2273,4335
1217,마포구,2019,25~29세,5543,6696
1218,마포구,2019,30~34세,4610,4721
1219,마포구,2019,35~39세,3298,3264
1220,마포구,2019,40~44세,2122,2153
1221,마포구,2019,45~49세,2006,1928
1222,마포구,2019,50~54세,1489,1305
1223,마포구,2019,55~59세,1199,1303
1224,마포구,2019,60~64세,954,1547
1225,마포구,2019,65~69세,644,1327
1226,마포구,2019,70~74세,488,1525
1227,마포구,2019,75~79세,411,1450
1228,마포구,2019,80~84세,232,1070
1229,마포구,2019,85세이상,146,655
1230,마포구,2020,20세미만,295,368
1231,마포구,2020,20~24세,2435,4558
1232,마포구,2020,25~29세,5870,7334
1233,마포구,2020,30~34세,4995,5093
1234,마포구,2020,35~39세,3403,3469
1235,마포구,2020,40~44세,2270,2246
1236,마포구,2020,45~49세,2021,2032
1237,마포구,2020,50~54세,1571,1396
1238,마포구,2020,55~59세,1280,1296
1239,마포구,2020,60~64세,1057,1614
1240,마포구,2020,65~69세,716,1483
1241,마포구,2020,70~74세,500,1599
1242,마포구,2020,75~79세,420,1502
1243,마포구,2020,80~84세,254,1162
1244,마포구,2020,85세이상,177,756
1245,마포구,2021,20세미만,205,280
1246,마포구,2021,20~24세,2448,4696
1247,마포구,2021,25~29세,6447,7918
1248,마포구,2021,30~34세,5509,5554
1249,마포구,2021,35~39세,3590,3495
1250,마포구,2021,40~44세,2434,2401
1251,마포구,2021,45~49세,1974,2042
1252,마포구,2021,50~54세,1721,1565
1253,마포구,2021,55~59세,1328,1324
1254,마포구,2021,60~64세,1167,1756
1255,마포구,2021,65~69세,843,1704
1256,마포구,2021,70~74세,549,1663
1257,마포구,2021,75~79세,427,1575
1258,마포구,2021,80~84세,280,1208
1259,마포구,2021,85세이상,197,862
1260,양천구,2016,20세미만,89,77
1261,양천구,2016,20~24세,486,626
1262,양천구,2016,25~29세,1301,1373
1263,양천구,2016,30~34세,2022,1407
1264,양천구,2016,35~39세,1712,1181
1265,양천구,2016,40~44세,1653,1256
1266,양천구,2016,45~49세,1710,1268
1267,양천구,2016,50~54세,1601,1170
1268,양천구,2016,55~59세,1574,1600
1269,양천구,2016,60~64세,1209,1716
1270,양천구,2016,65~69세,843,1513
1271,양천구,2016,70~74세,548,1391
1272,양천구,2016,75~79세,342,1350
1273,양천구,2016,80~84세,180,964
1274,양천구,2016,85세이상,104,612
1275,양천구,2017,20세미만,78,71
1276,양천구,2017,20~24세,363,623
1277,양천구,2017,25~29세,1309,1382
1278,양천구,2017,30~34세,1910,1357
1279,양천구,2017,35~39세,1704,1239
1280,양천구,2017,40~44세,1557,1181
1281,양천구,2017,45~49세,1700,1249
1282,양천구,2017,50~54세,1513,1170
1283,양천구,2017,55~59세,1652,1670
1284,양천구,2017,60~64세,1247,1831
1285,양천구,2017,65~69세,925,1580
1286,양천구,2017,70~74세,570,1417
1287,양천구,2017,75~79세,394,1386
1288,양천구,2017,80~84세,209,1009
1289,양천구,2017,85세이상,121,671
1290,양천구,2018,20세미만,77,72
1291,양천구,2018,20~24세,413,634
1292,양천구,2018,25~29세,1432,1462
1293,양천구,2018,30~34세,1929,1378
1294,양천구,2018,35~39세,1801,1326
1295,양천구,2018,40~44세,1507,1065
1296,양천구,2018,45~49세,1634,1219
1297,양천구,2018,50~54세,1543,1220
1298,양천구,2018,55~59세,1691,1574
1299,양천구,2018,60~64세,1415,1962
1300,양천구,2018,65~69세,958,1709
1301,양천구,2018,70~74세,636,1555
1302,양천구,2018,75~79세,421,1456
1303,양천구,2018,80~84세,223,1083
1304,양천구,2018,85세이상,147,762
1305,양천구,2019,20세미만,65,77
1306,양천구,2019,20~24세,404,778
1307,양천구,2019,25~29세,1585,1729
1308,양천구,2019,30~34세,1991,1498
1309,양천구,2019,35~39세,1866,1308
1310,양천구,2019,40~44세,1508,1145
1311,양천구,2019,45~49세,1671,1258
1312,양천구,2019,50~54세,1626,1171
1313,양천구,2019,55~59세,1707,1545
1314,양천구,2019,60~64세,1571,2097
1315,양천구,2019,65~69세,1042,1823
1316,양천구,2019,70~74세,738,1734
1317,양천구,2019,75~79세,434,1537
1318,양천구,2019,80~84세,271,1176
1319,양천구,2019,85세이상,179,811
1320,양천구,2020,20세미만,67,77
1321,양천구,2020,20~24세,440,810
1322,양천구,2020,25~29세,1893,2138
1323,양천구,2020,30~34세,2323,1664
1324,양천구,2020,35~39세,1944,1400
1325,양천구,2020,40~44세,1521,1174
1326,양천구,2020,45~49세,1679,1288
1327,양천구,2020,50~54세,1667,1186
1328,양천구,2020,55~59세,1784,1562
1329,양천구,2020,60~64세,1688,2284
1330,양천구,2020,65~69세,1259,2123
1331,양천구,2020,70~74세,820,1878
1332,양천구,2020,75~79세,483,1626
1333,양천구,2020,80~84세,297,1290
1334,양천구,2020,85세이상,193,878
1335,양천구,2021,20세미만,51,80
1336,양천구,2021,20~24세,498,901
1337,양천구,2021,25~29세,2083,2454
1338,양천구,2021,30~34세,2716,2009
1339,양천구,2021,35~39세,2051,1477
1340,양천구,2021,40~44세,1651,1310
1341,양천구,2021,45~49세,1667,1213
1342,양천구,2021,50~54세,1755,1347
1343,양천구,2021,55~59세,1803,1560
1344,양천구,2021,60~64세,1905,2400
1345,양천구,2021,65~69세,1404,2455
1346,양천구,2021,70~74세,975,2038
1347,양천구,2021,75~79세,543,1715
1348,양천구,2021,80~84세,330,1359
1349,양천구,2021,85세이상,225,998
1350,강서구,2016,20세미만,124,155
1351,강서구,2016,20~24세,827,2012
1352,강서구,2016,25~29세,3607,4811
1353,강서구,2016,30~34세,5007,3820
1354,강서구,2016,35~39세,3659,2674
1355,강서구,2016,40~44세,2973,2127
1356,강서구,2016,45~49세,2606,1834
1357,강서구,2016,50~54세,2208,1841
1358,강서구,2016,55~59세,2294,2578
1359,강서구,2016,60~64세,1804,2558
1360,강서구,2016,65~69세,1252,2282
1361,강서구,2016,70~74세,845,2032
1362,강서구,2016,75~79세,526,1842
1363,강서구,2016,80~84세,268,1321
1364,강서구,2016,85세이상,199,902
1365,강서구,2017,20세미만,100,156
1366,강서구,2017,20~24세,959,2512
1367,강서구,2017,25~29세,4467,5753
1368,강서구,2017,30~34세,5574,4320
1369,강서구,2017,35~39세,4217,3146
1370,강서구,2017,40~44세,3180,2234
1371,강서구,2017,45~49세,2777,2030
1372,강서구,2017,50~54세,2336,1850
1373,강서구,2017,55~59세,2433,2710
1374,강서구,2017,60~64세,2002,2924
1375,강서구,2017,65~69세,1354,2444
1376,강서구,2017,70~74세,960,2194
1377,강서구,2017,75~79세,656,2017
1378,강서구,2017,80~84세,304,1422
1379,강서구,2017,85세이상,215,991
1380,강서구,2018,20세미만,119,151
1381,강서구,2018,20~24세,955,2571
1382,강서구,2018,25~29세,4949,6665
1383,강서구,2018,30~34세,5921,4600
1384,강서구,2018,35~39세,4621,3348
1385,강서구,2018,40~44세,3146,2335
1386,강서구,2018,45~49세,3044,2175
1387,강서구,2018,50~54세,2378,1858
1388,강서구,2018,55~59세,2514,2662
1389,강서구,2018,60~64세,2255,3257
1390,강서구,2018,65~69세,1492,2550
1391,강서구,2018,70~74세,1084,2366
1392,강서구,2018,75~79세,719,2106
1393,강서구,2018,80~84세,333,1542
1394,강서구,2018,85세이상,250,1045
1395,강서구,2019,20세미만,133,192
1396,강서구,2019,20~24세,1071,3037
1397,강서구,2019,25~29세,5637,7963
1398,강서구,2019,30~34세,6427,5221
1399,강서구,2019,35~39세,4799,3472
1400,강서구,2019,40~44세,3210,2423
1401,강서구,2019,45~49세,3120,2249
1402,강서구,2019,50~54세,2571,1989
1403,강서구,2019,55~59세,2525,2590
1404,강서구,2019,60~64세,2427,3479
1405,강서구,2019,65~69세,1644,2803
1406,강서구,2019,70~74세,1233,2582
1407,강서구,2019,75~79세,748,2236
1408,강서구,2019,80~84세,396,1701
1409,강서구,2019,85세이상,288,1205
1410,강서구,2020,20세미만,133,203
1411,강서구,2020,20~24세,1151,3291
1412,강서구,2020,25~29세,6280,9363
1413,강서구,2020,30~34세,7192,5985
1414,강서구,2020,35~39세,5171,3727
1415,강서구,2020,40~44세,3340,2579
1416,강서구,2020,45~49세,3104,2229
1417,강서구,2020,50~54세,2728,2047
1418,강서구,2020,55~59세,2595,2485
1419,강서구,2020,60~64세,2617,3658
1420,강서구,2020,65~69세,1891,3251
1421,강서구,2020,70~74세,1379,2722
1422,강서구,2020,75~79세,787,2351
1423,강서구,2020,80~84세,457,1769
1424,강서구,2020,85세이상,313,1374
1425,강서구,2021,20세미만,103,149
1426,강서구,2021,20~24세,1244,3510
1427,강서구,2021,25~29세,7020,10640
1428,강서구,2021,30~34세,8262,7109
1429,강서구,2021,35~39세,5331,4082
1430,강서구,2021,40~44세,3701,2806
1431,강서구,2021,45~49세,3176,2332
1432,강서구,2021,50~54세,2963,2158
1433,강서구,2021,55~59세,2621,2497
1434,강서구,2021,60~64세,2755,3854
1435,강서구,2021,65~69세,2279,3744
1436,강서구,2021,70~74세,1449,2907
1437,강서구,2021,75~79세,921,2436
1438,강서구,2021,80~84세,531,1997
1439,강서구,2021,85세이상,340,1519
1440,구로구,2016,20세미만,109,134
1441,구로구,2016,20~24세,721,1496
1442,구로구,2016,25~29세,2616,3048
1443,구로구,2016,30~34세,3523,2244
1444,구로구,2016,35~39세,2611,1564
1445,구로구,2016,40~44세,2330,1264
1446,구로구,2016,45~49세,2223,1186
1447,구로구,2016,50~54세,1900,1173
1448,구로구,2016,55~59세,1686,1566
1449,구로구,2016,60~64세,1262,1640
1450,구로구,2016,65~69세,908,1554
1451,구로구,2016,70~74세,607,1430
1452,구로구,2016,75~79세,371,1287
1453,구로구,2016,80~84세,176,877
1454,구로구,2016,85세이상,85,464
1455,구로구,2017,20세미만,100,103
1456,구로구,2017,20~24세,690,1423
1457,구로구,2017,25~29세,2673,3034
1458,구로구,2017,30~34세,3263,2252
1459,구로구,2017,35~39세,2651,1672
1460,구로구,2017,40~44세,2176,1327
1461,구로구,2017,45~49세,2282,1245
1462,구로구,2017,50~54세,1909,1149
1463,구로구,2017,55~59세,1853,1663
1464,구로구,2017,60~64세,1378,1775
1465,구로구,2017,65~69세,971,1552
1466,구로구,2017,70~74세,654,1501
1467,구로구,2017,75~79세,441,1445
1468,구로구,2017,80~84세,220,957
1469,구로구,2017,85세이상,105,520
1470,구로구,2018,20세미만,92,144
1471,구로구,2018,20~24세,704,1480
1472,구로구,2018,25~29세,2873,3263
1473,구로구,2018,30~34세,3213,2212
1474,구로구,2018,35~39세,2638,1650
1475,구로구,2018,40~44세,2058,1266
1476,구로구,2018,45~49세,2329,1294
1477,구로구,2018,50~54세,1943,1097
1478,구로구,2018,55~59세,1905,1623
1479,구로구,2018,60~64세,1534,1872
1480,구로구,2018,65~69세,977,1652
1481,구로구,2018,70~74세,752,1576
1482,구로구,2018,75~79세,475,1495
1483,구로구,2018,80~84세,268,1043
1484,구로구,2018,85세이상,126,597
1485,구로구,2019,20세미만,106,126
1486,구로구,2019,20~24세,824,1785
1487,구로구,2019,25~29세,3360,3824
1488,구로구,2019,30~34세,3472,2485
1489,구로구,2019,35~39세,2693,1731
1490,구로구,2019,40~44세,2068,1249
1491,구로구,2019,45~49세,2328,1359
1492,구로구,2019,50~54세,2083,1200
1493,구로구,2019,55~59세,1971,1582
1494,구로구,2019,60~64세,1659,2040
1495,구로구,2019,65~69세,1070,1763
1496,구로구,2019,70~74세,849,1767
1497,구로구,2019,75~79세,525,1541
1498,구로구,2019,80~84세,301,1165
1499,구로구,2019,85세이상,146,668
1500,구로구,2020,20세미만,120,112
1501,구로구,2020,20~24세,877,1798
1502,구로구,2020,25~29세,3599,4072
1503,구로구,2020,30~34세,3838,2769
1504,구로구,2020,35~39세,2807,1824
1505,구로구,2020,40~44세,2083,1374
1506,구로구,2020,45~49세,2407,1405
1507,구로구,2020,50~54세,2206,1241
1508,구로구,2020,55~59세,2124,1544
1509,구로구,2020,60~64세,1808,2144
1510,구로구,2020,65~69세,1221,2050
1511,구로구,2020,70~74세,879,1906
1512,구로구,2020,75~79세,584,1603
1513,구로구,2020,80~84세,346,1264
1514,구로구,2020,85세이상,186,780
1515,구로구,2021,20세미만,79,105
1516,구로구,2021,20~24세,920,1954
1517,구로구,2021,25~29세,4008,4480
1518,구로구,2021,30~34세,4378,3139
1519,구로구,2021,35~39세,2926,1911
1520,구로구,2021,40~44세,2232,1425
1521,구로구,2021,45~49세,2343,1405
1522,구로구,2021,50~54세,2359,1316
1523,구로구,2021,55~59세,2191,1574
1524,구로구,2021,60~64세,1992,2273
1525,구로구,2021,65~69세,1444,2284
1526,구로구,2021,70~74세,978,2011
1527,구로구,2021,75~79세,654,1719
1528,구로구,2021,80~84세,389,1363
1529,구로구,2021,85세이상,228,900
1530,금천구,2016,20세미만,42,56
1531,금천구,2016,20~24세,473,816
1532,금천구,2016,25~29세,2401,1657
1533,금천구,2016,30~34세,2682,1249
1534,금천구,2016,35~39세,1834,832
1535,금천구,2016,40~44세,1719,884
1536,금천구,2016,45~49세,1952,943
1537,금천구,2016,50~54세,2028,1072
1538,금천구,2016,55~59세,1631,1258
1539,금천구,2016,60~64세,1186,1236
1540,금천구,2016,65~69세,729,1066
1541,금천구,2016,70~74세,489,1040
1542,금천구,2016,75~79세,325,939
1543,금천구,2016,80~84세,154,585
1544,금천구,2016,85세이상,76,374
1545,금천구,2017,20세미만,47,55
1546,금천구,2017,20~24세,494,873
1547,금천구,2017,25~29세,2457,1859
1548,금천구,2017,30~34세,2778,1314
1549,금천구,2017,35~39세,1904,928
1550,금천구,2017,40~44세,1624,819
1551,금천구,2017,45~49세,2005,966
1552,금천구,2017,50~54세,1939,1026
1553,금천구,2017,55~59세,1871,1315
1554,금천구,2017,60~64세,1279,1333
1555,금천구,2017,65~69세,787,1163
1556,금천구,2017,70~74세,522,1025
1557,금천구,2017,75~79세,354,1014
1558,금천구,2017,80~84세,169,598
1559,금천구,2017,85세이상,75,335
1560,금천구,2018,20세미만,47,57
1561,금천구,2018,20~24세,529,1023
1562,금천구,2018,25~29세,2870,2235
1563,금천구,2018,30~34세,2761,1370
1564,금천구,2018,35~39세,2087,988
1565,금천구,2018,40~44세,1552,830
1566,금천구,2018,45~49세,1899,938
1567,금천구,2018,50~54세,1924,1003
1568,금천구,2018,55~59세,1952,1305
1569,금천구,2018,60~64세,1413,1374
1570,금천구,2018,65~69세,855,1224
1571,금천구,2018,70~74세,547,1077
1572,금천구,2018,75~79세,372,1078
1573,금천구,2018,80~84세,193,622
1574,금천구,2018,85세이상,78,361
1575,금천구,2019,20세미만,55,83
1576,금천구,2019,20~24세,644,1237
1577,금천구,2019,25~29세,3358,2762
1578,금천구,2019,30~34세,3168,1622
1579,금천구,2019,35~39세,2289,1081
1580,금천구,2019,40~44세,1523,803
1581,금천구,2019,45~49세,1892,995
1582,금천구,2019,50~54세,1933,1033
1583,금천구,2019,55~59세,2037,1302
1584,금천구,2019,60~64세,1542,1506
1585,금천구,2019,65~69세,906,1280
1586,금천구,2019,70~74세,619,1143
1587,금천구,2019,75~79세,409,1122
1588,금천구,2019,80~84세,220,703
1589,금천구,2019,85세이상,104,407
1590,금천구,2020,20세미만,53,86
1591,금천구,2020,20~24세,734,1554
1592,금천구,2020,25~29세,3891,3627
1593,금천구,2020,30~34세,3726,1992
1594,금천구,2020,35~39세,2382,1233
1595,금천구,2020,40~44세,1684,923
1596,금천구,2020,45~49세,1877,965
1597,금천구,2020,50~54세,2076,1102
1598,금천구,2020,55~59세,2129,1298
1599,금천구,2020,60~64세,1776,1607
1600,금천구,2020,65~69세,1034,1436
1601,금천구,2020,70~74세,711,1246
1602,금천구,2020,75~79세,407,1158
1603,금천구,2020,80~84세,241,765
1604,금천구,2020,85세이상,126,495
1605,금천구,2021,20세미만,37,79
1606,금천구,2021,20~24세,796,1716
1607,금천구,2021,25~29세,4461,4452
1608,금천구,2021,30~34세,4262,2467
1609,금천구,2021,35~39세,2632,1343
1610,금천구,2021,40~44세,1893,966
1611,금천구,2021,45~49세,1819,986
1612,금천구,2021,50~54세,2130,1151
1613,금천구,2021,55~59세,2215,1330
1614,금천구,2021,60~64세,1994,1719
1615,금천구,2021,65~69세,1231,1593
1616,금천구,2021,70~74세,764,1342
1617,금천구,2021,75~79세,462,1136
1618,금천구,2021,80~84세,291,869
1619,금천구,2021,85세이상,146,545
1620,영등포구,2016,20세미만,107,116
1621,영등포구,2016,20~24세,805,1841
1622,영등포구,2016,25~29세,3935,4482
1623,영등포구,2016,30~34세,4715,3189
1624,영등포구,2016,35~39세,2794,1883
1625,영등포구,2016,40~44세,2399,1469
1626,영등포구,2016,45~49세,2441,1325
1627,영등포구,2016,50~54세,2212,1269
1628,영등포구,2016,55~59세,1880,1547
1629,영등포구,2016,60~64세,1417,1478
1630,영등포구,2016,65~69세,986,1509
1631,영등포구,2016,70~74세,635,1429
1632,영등포구,2016,75~79세,415,1351
1633,영등포구,2016,80~84세,214,936
1634,영등포구,2016,85세이상,105,569
1635,영등포구,2017,20세미만,83,112
1636,영등포구,2017,20~24세,874,1902
1637,영등포구,2017,25~29세,4271,4667
1638,영등포구,2017,30~34세,4768,3320
1639,영등포구,2017,35~39세,3013,2037
1640,영등포구,2017,40~44세,2295,1540
1641,영등포구,2017,45~49세,2506,1360
1642,영등포구,2017,50~54세,2098,1247
1643,영등포구,2017,55~59세,2015,1544
1644,영등포구,2017,60~64세,1469,1553
1645,영등포구,2017,65~69세,1062,1495
1646,영등포구,2017,70~74세,637,1398
1647,영등포구,2017,75~79세,498,1403
1648,영등포구,2017,80~84세,237,1034
1649,영등포구,2017,85세이상,127,586
1650,영등포구,2018,20세미만,82,104
1651,영등포구,2018,20~24세,847,2072
1652,영등포구,2018,25~29세,4860,5194
1653,영등포구,2018,30~34세,4995,3552
1654,영등포구,2018,35~39세,3299,2213
1655,영등포구,2018,40~44세,2188,1468
1656,영등포구,2018,45~49세,2438,1456
1657,영등포구,2018,50~54세,2088,1176
1658,영등포구,2018,55~59세,2070,1468
1659,영등포구,2018,60~64세,1585,1644
1660,영등포구,2018,65~69세,1037,1480
1661,영등포구,2018,70~74세,726,1422
1662,영등포구,2018,75~79세,491,1442
1663,영등포구,2018,80~84세,251,1035
1664,영등포구,2018,85세이상,133,661
1665,영등포구,2019,20세미만,112,139
1666,영등포구,2019,20~24세,939,2338
1667,영등포구,2019,25~29세,5503,6251
1668,영등포구,2019,30~34세,5639,3999
1669,영등포구,2019,35~39세,3504,2403
1670,영등포구,2019,40~44세,2234,1547
1671,영등포구,2019,45~49세,2456,1482
1672,영등포구,2019,50~54세,2122,1176
1673,영등포구,2019,55~59세,2171,1433
1674,영등포구,2019,60~64세,1748,1759
1675,영등포구,2019,65~69세,1112,1522
1676,영등포구,2019,70~74세,828,1524
1677,영등포구,2019,75~79세,495,1519
1678,영등포구,2019,80~84세,288,1090
1679,영등포구,2019,85세이상,146,735
1680,영등포구,2020,20세미만,73,116
1681,영등포구,2020,20~24세,1061,2561
1682,영등포구,2020,25~29세,6199,7219
1683,영등포구,2020,30~34세,6492,4582
1684,영등포구,2020,35~39세,3717,2633
1685,영등포구,2020,40~44세,2444,1700
1686,영등포구,2020,45~49세,2506,1560
1687,영등포구,2020,50~54세,2312,1271
1688,영등포구,2020,55~59세,2254,1420
1689,영등포구,2020,60~64세,1947,1897
1690,영등포구,2020,65~69세,1230,1725
1691,영등포구,2020,70~74세,877,1636
1692,영등포구,2020,75~79세,522,1526
1693,영등포구,2020,80~84세,284,1213
1694,영등포구,2020,85세이상,181,842
1695,영등포구,2021,20세미만,63,102
1696,영등포구,2021,20~24세,1095,2838
1697,영등포구,2021,25~29세,6784,8204
1698,영등포구,2021,30~34세,7135,5354
1699,영등포구,2021,35~39세,4133,2903
1700,영등포구,2021,40~44세,2666,1869
1701,영등포구,2021,45~49세,2466,1559
1702,영등포구,2021,50~54세,2491,1431
1703,영등포구,2021,55~59세,2292,1459
1704,영등포구,2021,60~64세,2111,2006
1705,영등포구,2021,65~69세,1474,1907
1706,영등포구,2021,70~74세,916,1756
1707,영등포구,2021,75~79세,574,1529
1708,영등포구,2021,80~84세,313,1253
1709,영등포구,2021,85세이상,223,900
1710,동작구,2016,20세미만,539,601
1711,동작구,2016,20~24세,3037,3723
1712,동작구,2016,25~29세,5674,4895
1713,동작구,2016,30~34세,4570,3408
1714,동작구,2016,35~39세,2770,1895
1715,동작구,2016,40~44세,2159,1470
1716,동작구,2016,45~49세,1796,1263
1717,동작구,2016,50~54세,1434,1090
1718,동작구,2016,55~59세,1273,1478
1719,동작구,2016,60~64세,898,1499
1720,동작구,2016,65~69세,681,1534
1721,동작구,2016,70~74세,497,1463
1722,동작구,2016,75~79세,344,1288
1723,동작구,2016,80~84세,179,868
1724,동작구,2016,85세이상,109,519
1725,동작구,2017,20세미만,533,618
1726,동작구,2017,20~24세,3044,3928
1727,동작구,2017,25~29세,5844,5061
1728,동작구,2017,30~34세,4489,3343
1729,동작구,2017,35~39세,2811,2023
1730,동작구,2017,40~44세,2046,1444
1731,동작구,2017,45~49세,1901,1293
1732,동작구,2017,50~54세,1443,1074
1733,동작구,2017,55~59세,1374,1477
1734,동작구,2017,60~64세,991,1621
1735,동작구,2017,65~69세,695,1627
1736,동작구,2017,70~74세,521,1523
1737,동작구,2017,75~79세,387,1453
1738,동작구,2017,80~84세,199,934
1739,동작구,2017,85세이상,111,547
1740,동작구,2018,20세미만,499,609
1741,동작구,2018,20~24세,3235,4365
1742,동작구,2018,25~29세,6381,5499
1743,동작구,2018,30~34세,4428,3370
1744,동작구,2018,35~39세,2955,2120
1745,동작구,2018,40~44세,1944,1413
1746,동작구,2018,45~49세,1926,1368
1747,동작구,2018,50~54세,1466,1067
1748,동작구,2018,55~59세,1408,1481
1749,동작구,2018,60~64세,1134,1751
1750,동작구,2018,65~69세,712,1653
1751,동작구,2018,70~74세,573,1645
1752,동작구,2018,75~79세,433,1481
1753,동작구,2018,80~84세,229,1023
1754,동작구,2018,85세이상,129,575
1755,동작구,2019,20세미만,385,506
1756,동작구,2019,20~24세,3158,4679
1757,동작구,2019,25~29세,6917,6339
1758,동작구,2019,30~34세,4772,3557
1759,동작구,2019,35~39세,3018,2210
1760,동작구,2019,40~44세,1999,1397
1761,동작구,2019,45~49세,1982,1343
1762,동작구,2019,50~54세,1576,1199
1763,동작구,2019,55~59세,1458,1346
1764,동작구,2019,60~64세,1186,1874
1765,동작구,2019,65~69세,833,1742
1766,동작구,2019,70~74세,613,1783
1767,동작구,2019,75~79세,441,1542
1768,동작구,2019,80~84세,264,1119
1769,동작구,2019,85세이상,144,706
1770,동작구,2020,20세미만,631,630
1771,동작구,2020,20~24세,3330,5262
1772,동작구,2020,25~29세,7114,7039
1773,동작구,2020,30~34세,5229,3902
1774,동작구,2020,35~39세,3037,2209
1775,동작구,2020,40~44세,2084,1522
1776,동작구,2020,45~49세,1947,1375
1777,동작구,2020,50~54세,1605,1244
1778,동작구,2020,55~59세,1470,1304
1779,동작구,2020,60~64세,1333,1911
1780,동작구,2020,65~69세,938,1875
1781,동작구,2020,70~74세,661,1924
1782,동작구,2020,75~79세,471,1584
1783,동작구,2020,80~84세,295,1193
1784,동작구,2020,85세이상,182,800
1785,동작구,2021,20세미만,399,544
1786,동작구,2021,20~24세,3533,5338
1787,동작구,2021,25~29세,7584,7602
1788,동작구,2021,30~34세,5847,4394
1789,동작구,2021,35~39세,3121,2341
1790,동작구,2021,40~44세,2293,1600
1791,동작구,2021,45~49세,1976,1387
1792,동작구,2021,50~54세,1751,1339
1793,동작구,2021,55~59세,1521,1352
1794,동작구,2021,60~64세,1467,2034
1795,동작구,2021,65~69세,1076,2084
1796,동작구,2021,70~74세,724,1990
1797,동작구,2021,75~79세,497,1697
1798,동작구,2021,80~84세,332,1311
1799,동작구,2021,85세이상,224,873
1800,관악구,2016,20세미만,539,514
1801,관악구,2016,20~24세,5349,6964
1802,관악구,2016,25~29세,13971,11811
1803,관악구,2016,30~34세,11369,7056
1804,관악구,2016,35~39세,6321,3705
1805,관악구,2016,40~44세,4768,2351
1806,관악구,2016,45~49세,3756,1917
1807,관악구,2016,50~54세,2889,1746
1808,관악구,2016,55~59세,2340,2287
1809,관악구,2016,60~64세,1686,2300
1810,관악구,2016,65~69세,1130,2164
1811,관악구,2016,70~74세,800,2036
1812,관악구,2016,75~79세,530,1731
1813,관악구,2016,80~84세,254,951
1814,관악구,2016,85세이상,97,640
1815,관악구,2017,20세미만,546,556
1816,관악구,2017,20~24세,5143,7359
1817,관악구,2017,25~29세,14922,12378
1818,관악구,2017,30~34세,11176,7023
1819,관악구,2017,35~39세,6542,3921
1820,관악구,2017,40~44세,4479,2354
1821,관악구,2017,45~49세,3944,1981
1822,관악구,2017,50~54세,2892,1728
1823,관악구,2017,55~59세,2514,2269
1824,관악구,2017,60~64세,1813,2410
1825,관악구,2017,65~69세,1250,2158
1826,관악구,2017,70~74세,835,2052
1827,관악구,2017,75~79세,598,1917
1828,관악구,2017,80~84세,290,1050
1829,관악구,2017,85세이상,134,631
1830,관악구,2018,20세미만,490,558
1831,관악구,2018,20~24세,5417,8438
1832,관악구,2018,25~29세,16273,13906
1833,관악구,2018,30~34세,11355,7294
1834,관악구,2018,35~39세,6662,4142
1835,관악구,2018,40~44세,4222,2285
1836,관악구,2018,45~49세,4026,2028
1837,관악구,2018,50~54세,3108,1667
1838,관악구,2018,55~59세,2594,2230
1839,관악구,2018,60~64세,2033,2502
1840,관악구,2018,65~69세,1242,2191
1841,관악구,2018,70~74세,947,2197
1842,관악구,2018,75~79세,618,2016
1843,관악구,2018,80~84세,316,1160
1844,관악구,2018,85세이상,142,674
1845,관악구,2019,20세미만,466,557
1846,관악구,2019,20~24세,5555,9296
1847,관악구,2019,25~29세,17438,15689
1848,관악구,2019,30~34세,12185,7730
1849,관악구,2019,35~39세,6833,4151
1850,관악구,2019,40~44세,4147,2363
1851,관악구,2019,45~49세,4097,2087
1852,관악구,2019,50~54세,3217,1778
1853,관악구,2019,55~59세,2799,2131
1854,관악구,2019,60~64세,2206,2638
1855,관악구,2019,65~69세,1410,2273
1856,관악구,2019,70~74세,1069,2319
1857,관악구,2019,75~79세,645,2118
1858,관악구,2019,80~84세,366,1353
1859,관악구,2019,85세이상,167,780
1860,관악구,2020,20세미만,568,553
1861,관악구,2020,20~24세,5979,9914
1862,관악구,2020,25~29세,18870,17461
1863,관악구,2020,30~34세,13358,8444
1864,관악구,2020,35~39세,7096,4246
1865,관악구,2020,40~44세,4496,2567
1866,관악구,2020,45~49세,4202,2071
1867,관악구,2020,50~54세,3450,1895
1868,관악구,2020,55~59세,3001,2065
1869,관악구,2020,60~64세,2523,2798
1870,관악구,2020,65~69세,1658,2505
1871,관악구,2020,70~74세,1135,2418
1872,관악구,2020,75~79세,715,2199
1873,관악구,2020,80~84세,414,1532
1874,관악구,2020,85세이상,200,900
1875,관악구,2021,20세미만,328,406
1876,관악구,2021,20~24세,5856,9779
1877,관악구,2021,25~29세,20089,18900
1878,관악구,2021,30~34세,14346,9195
1879,관악구,2021,35~39세,7212,4359
1880,관악구,2021,40~44세,4918,2772
1881,관악구,2021,45~49세,4271,2040
1882,관악구,2021,50~54세,3731,2011
1883,관악구,2021,55~59세,3171,2060
1884,관악구,2021,60~64세,2785,2987
1885,관악구,2021,65~69세,1993,2787
1886,관악구,2021,70~74세,1257,2526
1887,관악구,2021,75~79세,773,2322
1888,관악구,2021,80~84세,471,1672
1889,관악구,2021,85세이상,233,1005
1890,서초구,2016,20세미만,189,313
1891,서초구,2016,20~24세,773,1591
1892,서초구,2016,25~29세,2408,3245
1893,서초구,2016,30~34세,3307,3235
1894,서초구,2016,35~39세,2441,2318
1895,서초구,2016,40~44세,1962,1667
1896,서초구,2016,45~49세,1685,1471
1897,서초구,2016,50~54세,1183,1099
1898,서초구,2016,55~59세,997,1268
1899,서초구,2016,60~64세,735,1318
1900,서초구,2016,65~69세,472,1114
1901,서초구,2016,70~74세,380,930
1902,서초구,2016,75~79세,201,813
1903,서초구,2016,80~84세,135,592
1904,서초구,2016,85세이상,79,436
1905,서초구,2017,20세미만,202,335
1906,서초구,2017,20~24세,790,1636
1907,서초구,2017,25~29세,2565,3360
1908,서초구,2017,30~34세,3187,3188
1909,서초구,2017,35~39세,2575,2430
1910,서초구,2017,40~44세,1881,1815
1911,서초구,2017,45~49세,1844,1543
1912,서초구,2017,50~54세,1187,1092
1913,서초구,2017,55~59세,1078,1253
1914,서초구,2017,60~64세,760,1406
1915,서초구,2017,65~69세,542,1163
1916,서초구,2017,70~74세,403,1056
1917,서초구,2017,75~79세,230,857
1918,서초구,2017,80~84세,143,617
1919,서초구,2017,85세이상,96,468
1920,서초구,2018,20세미만,210,294
1921,서초구,2018,20~24세,856,1661
1922,서초구,2018,25~29세,2649,3459
1923,서초구,2018,30~34세,3259,3218
1924,서초구,2018,35~39세,2661,2662
1925,서초구,2018,40~44세,1855,1777
1926,서초구,2018,45~49세,1910,1650
1927,서초구,2018,50~54세,1244,1197
1928,서초구,2018,55~59세,1081,1254
1929,서초구,2018,60~64세,883,1469
1930,서초구,2018,65~69세,547,1238
1931,서초구,2018,70~74세,395,1125
1932,서초구,2018,75~79세,271,930
1933,서초구,2018,80~84세,149,635
1934,서초구,2018,85세이상,112,486
1935,서초구,2019,20세미만,227,294
1936,서초구,2019,20~24세,851,1699
1937,서초구,2019,25~29세,2840,3608
1938,서초구,2019,30~34세,3399,3401
1939,서초구,2019,35~39세,2816,2663
1940,서초구,2019,40~44세,1809,1812
1941,서초구,2019,45~49세,1888,1702
1942,서초구,2019,50~54세,1349,1244
1943,서초구,2019,55~59세,1110,1226
1944,서초구,2019,60~64세,896,1556
1945,서초구,2019,65~69세,576,1282
1946,서초구,2019,70~74세,449,1191
1947,서초구,2019,75~79세,296,979
1948,서초구,2019,80~84세,167,662
1949,서초구,2019,85세이상,119,556
1950,서초구,2020,20세미만,208,392
1951,서초구,2020,20~24세,910,1974
1952,서초구,2020,25~29세,2861,3699
1953,서초구,2020,30~34세,3658,3529
1954,서초구,2020,35~39세,2733,2633
1955,서초구,2020,40~44세,1796,1907
1956,서초구,2020,45~49세,1776,1601
1957,서초구,2020,50~54세,1433,1264
1958,서초구,2020,55~59세,1058,1179
1959,서초구,2020,60~64세,915,1525
1960,서초구,2020,65~69세,651,1474
1961,서초구,2020,70~74세,492,1308
1962,서초구,2020,75~79세,318,1024
1963,서초구,2020,80~84세,188,715
1964,서초구,2020,85세이상,145,576
1965,서초구,2021,20세미만,113,184
1966,서초구,2021,20~24세,860,1818
1967,서초구,2021,25~29세,3019,3851
1968,서초구,2021,30~34세,3930,3805
1969,서초구,2021,35~39세,2834,2629
1970,서초구,2021,40~44세,2006,2105
1971,서초구,2021,45~49세,1760,1652
1972,서초구,2021,50~54세,1570,1381
1973,서초구,2021,55~59세,1123,1206
1974,서초구,2021,60~64세,1031,1525
1975,서초구,2021,65~69세,758,1670
1976,서초구,2021,70~74세,522,1328
1977,서초구,2021,75~79세,338,1126
1978,서초구,2021,80~84세,198,803
1979,서초구,2021,85세이상,176,612
1980,강남구,2016,20세미만,278,294
1981,강남구,2016,20~24세,1066,2224
1982,강남구,2016,25~29세,3759,5893
1983,강남구,2016,30~34세,5498,6406
1984,강남구,2016,35~39세,4046,4701
1985,강남구,2016,40~44세,2968,2969
1986,강남구,2016,45~49세,2479,2106
1987,강남구,2016,50~54세,1725,1588
1988,강남구,2016,55~59세,1365,1816
1989,강남구,2016,60~64세,997,1914
1990,강남구,2016,65~69세,772,1712
1991,강남구,2016,70~74세,568,1448
1992,강남구,2016,75~79세,331,1187
1993,강남구,2016,80~84세,167,844
1994,강남구,2016,85세이상,138,739
1995,강남구,2017,20세미만,260,279
1996,강남구,2017,20~24세,1089,2188
1997,강남구,2017,25~29세,3878,5814
1998,강남구,2017,30~34세,5240,6138
1999,강남구,2017,35~39세,4177,4803
2000,강남구,2017,40~44세,2862,3016
2001,강남구,2017,45~49세,2627,2229
2002,강남구,2017,50~54세,1717,1614
2003,강남구,2017,55~59세,1462,1786
2004,강남구,2017,60~64세,1079,2014
2005,강남구,2017,65~69세,823,1823
2006,강남구,2017,70~74세,609,1565
2007,강남구,2017,75~79세,359,1321
2008,강남구,2017,80~84세,187,920
2009,강남구,2017,85세이상,146,749
2010,강남구,2018,20세미만,178,243
2011,강남구,2018,20~24세,1006,2176
2012,강남구,2018,25~29세,4149,5833
2013,강남구,2018,30~34세,5045,5922
2014,강남구,2018,35~39세,4338,4868
2015,강남구,2018,40~44세,2869,2917
2016,강남구,2018,45~49세,2604,2201
2017,강남구,2018,50~54세,1763,1579
2018,강남구,2018,55~59세,1440,1631
2019,강남구,2018,60~64세,1107,2039
2020,강남구,2018,65~69세,791,1823
2021,강남구,2018,70~74세,668,1631
2022,강남구,2018,75~79세,378,1355
2023,강남구,2018,80~84세,210,978
2024,강남구,2018,85세이상,172,813
2025,강남구,2019,20세미만,276,331
2026,강남구,2019,20~24세,1056,2306
2027,강남구,2019,25~29세,4458,6161
2028,강남구,2019,30~34세,5312,6162
2029,강남구,2019,35~39세,4451,4935
2030,강남구,2019,40~44세,2866,3098
2031,강남구,2019,45~49세,2732,2363
2032,강남구,2019,50~54세,1866,1685
2033,강남구,2019,55~59세,1489,1650
2034,강남구,2019,60~64세,1198,2188
2035,강남구,2019,65~69세,879,1926
2036,강남구,2019,70~74세,708,1762
2037,강남구,2019,75~79세,455,1408
2038,강남구,2019,80~84세,239,1016
2039,강남구,2019,85세이상,202,895
2040,강남구,2020,20세미만,246,252
2041,강남구,2020,20~24세,1107,2483
2042,강남구,2020,25~29세,4629,6592
2043,강남구,2020,30~34세,5732,6302
2044,강남구,2020,35~39세,4449,4984
2045,강남구,2020,40~44세,3086,3287
2046,강남구,2020,45~49세,2664,2517
2047,강남구,2020,50~54세,1987,1713
2048,강남구,2020,55~59세,1525,1627
2049,강남구,2020,60~64세,1304,2178
2050,강남구,2020,65~69세,955,2106
2051,강남구,2020,70~74세,783,1914
2052,강남구,2020,75~79세,501,1560
2053,강남구,2020,80~84세,270,1073
2054,강남구,2020,85세이상,208,965
2055,강남구,2021,20세미만,181,216
2056,강남구,2021,20~24세,1055,2504
2057,강남구,2021,25~29세,4678,6549
2058,강남구,2021,30~34세,6065,6342
2059,강남구,2021,35~39세,4436,4795
2060,강남구,2021,40~44세,3425,3565
2061,강남구,2021,45~49세,2593,2613
2062,강남구,2021,50~54세,2392,1978
2063,강남구,2021,55~59세,1616,1659
2064,강남구,2021,60~64세,1470,2261
2065,강남구,2021,65~69세,1147,2438
2066,강남구,2021,70~74세,846,2026
2067,강남구,2021,75~79세,579,1747
2068,강남구,2021,80~84세,333,1176
2069,강남구,2021,85세이상,232,1069
2070,송파구,2016,20세미만,132,140
2071,송파구,2016,20~24세,805,1423
2072,송파구,2016,25~29세,2966,4028
2073,송파구,2016,30~34세,4572,4274
2074,송파구,2016,35~39세,3517,3191
2075,송파구,2016,40~44세,2850,2319
2076,송파구,2016,45~49세,2612,1967
2077,송파구,2016,50~54세,1992,1568
2078,송파구,2016,55~59세,1871,2206
2079,송파구,2016,60~64세,1312,2078
2080,송파구,2016,65~69세,880,1803
2081,송파구,2016,70~74세,621,1579
2082,송파구,2016,75~79세,375,1348
2083,송파구,2016,80~84세,188,1004
2084,송파구,2016,85세이상,140,648
2085,송파구,2017,20세미만,141,141
2086,송파구,2017,20~24세,821,1540
2087,송파구,2017,25~29세,3522,4504
2088,송파구,2017,30~34세,4843,4559
2089,송파구,2017,35~39세,3877,3562
2090,송파구,2017,40~44세,2945,2447
2091,송파구,2017,45~49세,2822,2163
2092,송파구,2017,50~54세,2023,1652
2093,송파구,2017,55~59세,1951,2242
2094,송파구,2017,60~64세,1451,2316
2095,송파구,2017,65~69세,1014,1922
2096,송파구,2017,70~74세,664,1696
2097,송파구,2017,75~79세,471,1394
2098,송파구,2017,80~84세,208,1064
2099,송파구,2017,85세이상,148,745
2100,송파구,2018,20세미만,159,127
2101,송파구,2018,20~24세,900,1784
2102,송파구,2018,25~29세,4092,5282
2103,송파구,2018,30~34세,5162,4904
2104,송파구,2018,35~39세,4017,3958
2105,송파구,2018,40~44세,2961,2501
2106,송파구,2018,45~49세,2828,2290
2107,송파구,2018,50~54세,2166,1721
2108,송파구,2018,55~59세,2020,2223
2109,송파구,2018,60~64세,1694,2626
2110,송파구,2018,65~69세,1067,2109
2111,송파구,2018,70~74세,751,1806
2112,송파구,2018,75~79세,526,1470
2113,송파구,2018,80~84세,238,1090
2114,송파구,2018,85세이상,159,820
2115,송파구,2019,20세미만,136,146
2116,송파구,2019,20~24세,978,1928
2117,송파구,2019,25~29세,4623,6131
2118,송파구,2019,30~34세,5697,5328
2119,송파구,2019,35~39세,4352,4244
2120,송파구,2019,40~44세,2954,2719
2121,송파구,2019,45~49세,2958,2348
2122,송파구,2019,50~54세,2301,1843
2123,송파구,2019,55~59세,2119,2265
2124,송파구,2019,60~64세,1834,2829
2125,송파구,2019,65~69세,1176,2272
2126,송파구,2019,70~74세,872,2090
2127,송파구,2019,75~79세,554,1628
2128,송파구,2019,80~84세,296,1138
2129,송파구,2019,85세이상,186,916
2130,송파구,2020,20세미만,125,159
2131,송파구,2020,20~24세,959,2140
2132,송파구,2020,25~29세,4957,7015
2133,송파구,2020,30~34세,6133,5796
2134,송파구,2020,35~39세,4542,4400
2135,송파구,2020,40~44세,3199,2944
2136,송파구,2020,45~49세,2915,2419
2137,송파구,2020,50~54세,2478,1910
2138,송파구,2020,55~59세,2165,2176
2139,송파구,2020,60~64세,1986,2952
2140,송파구,2020,65~69세,1358,2636
2141,송파구,2020,70~74세,966,2307
2142,송파구,2020,75~79세,578,1717
2143,송파구,2020,80~84세,323,1230
2144,송파구,2020,85세이상,206,1003
2145,송파구,2021,20세미만,122,121
2146,송파구,2021,20~24세,933,2317
2147,송파구,2021,25~29세,5385,7643
2148,송파구,2021,30~34세,6651,6435
2149,송파구,2021,35~39세,4607,4520
2150,송파구,2021,40~44세,3509,3168
2151,송파구,2021,45~49세,2960,2464
2152,송파구,2021,50~54세,2706,2170
2153,송파구,2021,55~59세,2259,2118
2154,송파구,2021,60~64세,2217,3150
2155,송파구,2021,65~69세,1627,3006
2156,송파구,2021,70~74세,1048,2471
2157,송파구,2021,75~79세,635,1956
2158,송파구,2021,80~84세,382,1370
2159,송파구,2021,85세이상,226,1086
2160,강동구,2016,20세미만,72,86
2161,강동구,2016,20~24세,519,934
2162,강동구,2016,25~29세,1889,2298
2163,강동구,2016,30~34세,2850,2015
2164,강동구,2016,35~39세,2280,1649
2165,강동구,2016,40~44세,2092,1323
2166,강동구,2016,45~49세,2152,1304
2167,강동구,2016,50~54세,2069,1373
2168,강동구,2016,55~59세,1878,1801
2169,강동구,2016,60~64세,1395,1910
2170,강동구,2016,65~69세,917,1615
2171,강동구,2016,70~74세,559,1328
2172,강동구,2016,75~79세,366,1111
2173,강동구,2016,80~84세,189,821
2174,강동구,2016,85세이상,91,583
2175,강동구,2017,20세미만,71,91
2176,강동구,2017,20~24세,525,989
2177,강동구,2017,25~29세,2087,2373
2178,강동구,2017,30~34세,2806,2072
2179,강동구,2017,35~39세,2420,1760
2180,강동구,2017,40~44세,2029,1365
2181,강동구,2017,45~49세,2195,1361
2182,강동구,2017,50~54세,1982,1266
2183,강동구,2017,55~59세,2019,1901
2184,강동구,2017,60~64세,1534,1997
2185,강동구,2017,65~69세,1000,1693
2186,강동구,2017,70~74세,640,1411
2187,강동구,2017,75~79세,429,1259
2188,강동구,2017,80~84세,216,858
2189,강동구,2017,85세이상,111,590
2190,강동구,2018,20세미만,64,80
2191,강동구,2018,20~24세,489,1091
2192,강동구,2018,25~29세,2273,2588
2193,강동구,2018,30~34세,2700,2139
2194,강동구,2018,35~39세,2468,1774
2195,강동구,2018,40~44세,1904,1357
2196,강동구,2018,45~49세,2177,1399
2197,강동구,2018,50~54세,1961,1210
2198,강동구,2018,55~59세,2036,1898
2199,강동구,2018,60~64세,1707,2145
2200,강동구,2018,65~69세,1045,1728
2201,강동구,2018,70~74세,723,1530
2202,강동구,2018,75~79세,489,1276
2203,강동구,2018,80~84세,241,885
2204,강동구,2018,85세이상,127,622
2205,강동구,2019,20세미만,68,89
2206,강동구,2019,20~24세,598,1261
2207,강동구,2019,25~29세,2582,3105
2208,강동구,2019,30~34세,2940,2330
2209,강동구,2019,35~39세,2492,1911
2210,강동구,2019,40~44세,1877,1429
2211,강동구,2019,45~49세,2192,1439
2212,강동구,2019,50~54세,2025,1307
2213,강동구,2019,55~59세,2130,1756
2214,강동구,2019,60~64세,1823,2311
2215,강동구,2019,65~69세,1174,1868
2216,강동구,2019,70~74세,833,1667
2217,강동구,2019,75~79세,508,1368
2218,강동구,2019,80~84세,279,997
2219,강동구,2019,85세이상,153,676
2220,강동구,2020,20세미만,56,96
2221,강동구,2020,20~24세,611,1360
2222,강동구,2020,25~29세,2988,4002
2223,강동구,2020,30~34세,3412,2712
2224,강동구,2020,35~39세,2614,2043
2225,강동구,2020,40~44세,2111,1635
2226,강동구,2020,45~49세,2246,1537
2227,강동구,2020,50~54세,2184,1408
2228,강동구,2020,55~59세,2176,1709
2229,강동구,2020,60~64세,2032,2553
2230,강동구,2020,65~69세,1417,2246
2231,강동구,2020,70~74세,939,1870
2232,강동구,2020,75~79세,552,1467
2233,강동구,2020,80~84세,308,1077
2234,강동구,2020,85세이상,171,784
2235,강동구,2021,20세미만,68,82
2236,강동구,2021,20~24세,719,1673
2237,강동구,2021,25~29세,3602,4937
2238,강동구,2021,30~34세,3885,3267
2239,강동구,2021,35~39세,2828,2215
2240,강동구,2021,40~44세,2307,1851
2241,강동구,2021,45~49세,2265,1561
2242,강동구,2021,50~54세,2313,1576
2243,강동구,2021,55~59세,2359,1765
2244,강동구,2021,60~64세,2284,2816
2245,강동구,2021,65~69세,1756,2725
2246,강동구,2021,70~74세,1045,2117
2247,강동구,2021,75~79세,618,1616
2248,강동구,2021,80~84세,386,1196
2249,강동구,2021,85세이상,206,8
